,Convective Available Potential Energy,K index,Cross totals index,Vertical totals index,Lifted index,Showalter index,waktu,hujan,suhu 1000 hpa,dewpoint 1000 hpa,suhu 850 hpa,dewpoint 850 hpa,suhu 700 hpa,dewpoint 700 hpa,suhu 500 hpa,dewpoint 500 hpa
0,385.28,34.8,20.2,23.7,-2.27,0.4,2019-01-01 00:00:00,1.0,27.4,22.4,17.8,14.3,8.8,5.6,-5.9,-6.5
1,385.28,34.8,20.2,23.7,-2.27,0.4,2019-01-01 12:00:00,1.0,27.4,22.4,17.8,14.3,8.8,5.6,-5.9,-6.5
2,394.61,37.4,21.2,21.3,-1.3,0.19,2019-01-02 00:00:00,1.0,22.6,22.4,16.2,16.1,6.8,6.8,,
3,394.61,37.4,21.2,21.3,-1.3,0.19,2019-01-02 12:00:00,0.0,22.6,22.4,16.2,16.1,6.8,6.8,,
4,21.65,35.9,19.5,24.5,-0.5,0.75,2019-01-03 00:00:00,0.0,25.0,21.1,18.4,13.4,8.8,6.8,-6.1,-6.1
5,21.65,35.9,19.5,24.5,-0.5,0.75,2019-01-03 12:00:00,1.0,25.0,21.1,18.4,13.4,8.8,6.8,-6.1,-6.1
6,54.41,30.5,18.7,23.5,-0.17,1.82,2019-01-04 00:00:00,0.0,23.8,21.1,17.8,13.0,10.0,4.0,-5.7,-5.7
7,54.41,30.5,18.7,23.5,-0.17,1.82,2019-01-04 12:00:00,1.0,23.8,21.1,17.8,13.0,10.0,4.0,-5.7,-5.7
8,449.8,34.5,21.5,25.1,-2.42,-1.43,2019-01-05 00:00:00,1.0,25.6,21.7,19.0,15.4,9.8,3.8,-6.1,-7.6
9,449.8,34.5,21.5,25.1,-2.42,-1.43,2019-01-05 12:00:00,0.0,25.6,21.7,19.0,15.4,9.8,3.8,-6.1,-7.6
10,0.0,33.6,19.9,23.1,0.73,0.71,2019-01-06 00:00:00,1.0,25.8,18.8,17.8,14.6,9.2,5.1,-5.3,-9.9
11,0.0,33.6,19.9,23.1,0.73,0.71,2019-01-06 12:00:00,0.0,25.8,18.8,17.8,14.6,9.2,5.1,-5.3,-9.9
12,117.8,31.5,19.5,23.3,-0.87,1.0,2019-01-07 00:00:00,0.0,25.8,20.8,18.0,14.2,9.8,3.8,-5.3,22.3
13,117.8,31.5,19.5,23.3,-0.87,1.0,2019-01-07 12:00:00,0.0,25.8,20.8,18.0,14.2,9.8,3.8,-5.3,22.3
14,885.65,31.7,20.9,23.3,-2.92,-0.27,2019-01-08 00:00:00,0.0,25.4,21.7,17.8,15.4,9.8,2.8,-5.5,-7.3
15,885.65,31.7,20.9,23.3,-2.92,-0.27,2019-01-08 12:00:00,0.0,25.4,21.7,17.8,15.4,9.8,2.8,-5.5,-7.3
16,259.63,29.6,20.0,23.5,-2.03,0.69,2019-01-09 00:00:00,0.0,25.6,21.7,17.6,14.1,10.0,2.0,-5.9,10.1
17,259.63,29.6,20.0,23.5,-2.03,0.69,2019-01-09 12:00:00,0.0,25.6,21.7,17.6,14.1,10.0,2.0,-5.9,10.1
18,747.58,32.7,19.5,23.9,-2.92,1.05,2019-01-10 00:00:00,0.0,26.8,22.5,17.8,13.4,9.0,4.4,-6.1,-9.8
19,747.58,32.7,19.5,23.9,-2.92,1.05,2019-01-10 12:00:00,0.0,26.8,22.5,17.8,13.4,9.0,4.4,-6.1,-9.8
20,,,,,,,2019-01-11 00:00:00,0.0,,,,,,,,
21,,,,,,,2019-01-11 12:00:00,0.0,,,,,,,,
22,549.5,31.3,18.4,22.5,-1.27,2.17,2019-01-12 00:00:00,1.0,25.6,21.2,17.8,13.7,9.2,4.3,-4.7,19.7
23,549.5,31.3,18.4,22.5,-1.27,2.17,2019-01-12 12:00:00,0.0,25.6,21.2,17.8,13.7,9.2,4.3,-4.7,19.7
24,2018.84,38.4,21.8,21.9,-4.52,-0.61,2019-01-13 00:00:00,1.0,24.6,24.3,16.6,16.5,7.8,7.8,-5.3,-6.5
25,2018.84,38.4,21.8,21.9,-4.52,-0.61,2019-01-13 12:00:00,1.0,24.6,24.3,16.6,16.5,7.8,7.8,-5.3,-6.5
26,380.78,36.0,21.6,22.3,-2.09,-0.69,2019-01-14 00:00:00,1.0,26.2,22.7,17.2,16.5,8.8,6.0,-5.1,-7.6
27,380.78,36.0,21.6,22.3,-2.09,-0.69,2019-01-14 12:00:00,1.0,26.2,22.7,17.2,16.5,8.8,6.0,-5.1,-7.6
28,376.92,34.7,19.2,22.3,-1.58,1.6,2019-01-15 00:00:00,1.0,24.4,22.3,17.4,14.3,9.8,7.9,-4.9,-6.7
29,376.92,34.7,19.2,22.3,-1.58,1.6,2019-01-15 12:00:00,1.0,24.4,22.3,17.4,14.3,9.8,7.9,-4.9,-6.7
30,101.13,34.6,21.0,22.5,-1.03,0.02,2019-01-16 00:00:00,1.0,23.8,22.7,17.0,15.5,9.8,6.4,-5.5,-7.1
31,101.13,34.6,21.0,22.5,-1.03,0.02,2019-01-16 12:00:00,1.0,23.8,22.7,17.0,15.5,9.8,6.4,-5.5,-7.1
32,603.9,34.7,20.9,22.3,-2.31,0.12,2019-01-17 00:00:00,0.0,25.4,22.9,17.0,15.6,9.2,6.0,-5.3,-5.3
33,603.9,34.7,20.9,22.3,-2.31,0.12,2019-01-17 12:00:00,0.0,25.4,22.9,17.0,15.6,9.2,6.0,-5.3,-5.3
34,7.51,32.0,18.3,23.1,0.26,2.05,2019-01-18 00:00:00,0.0,25.0,20.2,18.2,13.4,9.8,5.3,-4.9,-8.4
35,7.51,32.0,18.3,23.1,0.26,2.05,2019-01-18 12:00:00,0.0,25.0,20.2,18.2,13.4,9.8,5.3,-4.9,-8.4
36,627.85,38.4,21.1,22.1,-1.69,-0.28,2019-01-19 00:00:00,0.0,25.2,22.7,17.4,16.4,8.6,8.5,-4.7,-5.7
37,627.85,38.4,21.1,22.1,-1.69,-0.28,2019-01-19 12:00:00,1.0,25.2,22.7,17.4,16.4,8.6,8.5,-4.7,-5.7
38,187.46,31.3,18.9,21.7,-0.88,1.91,2019-01-20 00:00:00,0.0,25.0,22.9,17.4,14.6,9.8,4.8,-4.3,10.3
39,187.46,31.3,18.9,21.7,-0.88,1.91,2019-01-20 12:00:00,0.0,25.0,22.9,17.4,14.6,9.8,4.8,-4.3,10.3
40,243.57,35.4,20.2,22.7,-1.12,0.16,2019-01-21 00:00:00,0.0,24.4,22.8,18.4,15.9,9.6,6.4,-4.3,-7.3
41,243.57,35.4,20.2,22.7,-1.12,0.16,2019-01-21 12:00:00,0.0,24.4,22.8,18.4,15.9,9.6,6.4,-4.3,-7.3
42,735.1,38.6,21.4,21.5,-2.28,-0.5,2019-01-22 00:00:00,0.0,24.4,24.1,17.2,17.1,8.8,8.8,-4.3,-4.3
43,735.1,38.6,21.4,21.5,-2.28,-0.5,2019-01-22 12:00:00,0.0,24.4,24.1,17.2,17.1,8.8,8.8,-4.3,-4.3
44,789.66,35.1,20.9,21.1,-2.47,0.5,2019-01-23 00:00:00,0.0,27.6,22.6,16.2,16.0,8.2,6.2,-4.9,-4.9
45,789.66,35.1,20.9,21.1,-2.47,0.5,2019-01-23 12:00:00,0.0,27.6,22.6,16.2,16.0,8.2,6.2,-4.9,-4.9
46,1651.55,38.5,22.1,22.5,-4.47,-0.8,2019-01-24 00:00:00,0.0,26.0,24.0,16.4,16.0,8.0,8.0,-6.1,-6.9
47,1651.55,38.5,22.1,22.5,-4.47,-0.8,2019-01-24 12:00:00,0.0,26.0,24.0,16.4,16.0,8.0,8.0,-6.1,-6.9
48,866.88,34.2,19.5,20.3,-0.85,1.51,2019-01-25 00:00:00,1.0,27.0,23.9,17.0,16.2,9.0,6.7,-3.3,-9.3
49,866.88,34.2,19.5,20.3,-0.85,1.51,2019-01-25 12:00:00,0.0,27.0,23.9,17.0,16.2,9.0,6.7,-3.3,-9.3
50,467.15,35.8,19.6,23.3,-2.05,0.9,2019-01-26 00:00:00,0.0,24.8,22.9,18.0,14.3,8.8,7.0,-5.3,-5.3
51,467.15,35.8,19.6,23.3,-2.05,0.9,2019-01-26 12:00:00,0.0,24.8,22.9,18.0,14.3,8.8,7.0,-5.3,-5.3
52,1427.62,35.2,19.6,23.5,-2.92,0.54,2019-01-27 00:00:00,0.0,25.8,23.6,18.8,14.9,9.2,6.0,-4.7,-7.3
53,1427.62,35.2,19.6,23.5,-2.92,0.54,2019-01-27 12:00:00,0.0,25.8,23.6,18.8,14.9,9.2,6.0,-4.7,-7.3
54,113.18,,,,,,2019-01-28 00:00:00,0.0,23.4,21.7,15.2,14.0,8.2,8.2,,
55,113.18,,,,,,2019-01-28 12:00:00,0.0,23.4,21.7,15.2,14.0,8.2,8.2,,
56,182.42,38.5,21.3,23.1,-1.23,-0.38,2019-01-29 00:00:00,1.0,26.4,20.4,17.2,15.4,8.8,8.8,-5.9,-7.3
57,182.42,38.5,21.3,23.1,-1.23,-0.38,2019-01-29 12:00:00,0.0,26.4,20.4,17.2,15.4,8.8,8.8,-5.9,-7.3
58,418.45,36.6,22.9,24.5,-2.84,-2.17,2019-01-30 00:00:00,1.0,26.4,22.4,17.6,16.0,10.4,6.5,-6.9,-7.9
59,418.45,36.6,22.9,24.5,-2.84,-2.17,2019-01-30 12:00:00,0.0,26.4,22.4,17.6,16.0,10.4,6.5,-6.9,-7.9
60,909.29,33.0,20.2,23.3,-2.68,0.42,2019-01-31 00:00:00,1.0,26.4,22.9,17.8,14.7,9.4,4.4,-5.5,-8.8
61,909.29,33.0,20.2,23.3,-2.68,0.42,2019-01-31 12:00:00,0.0,26.4,22.9,17.8,14.7,9.4,4.4,-5.5,-8.8
62,808.61,33.1,19.7,23.7,-2.34,0.61,2019-02-01 00:00:00,0.0,26.2,22.8,18.4,14.4,9.8,4.8,-5.3,10.3
63,808.61,33.1,19.7,23.7,-2.34,0.61,2019-02-01 12:00:00,1.0,26.2,22.8,18.4,14.4,9.8,4.8,-5.3,10.3
64,745.08,39.2,23.3,23.5,-3.34,-2.3,2019-02-02 00:00:00,1.0,24.2,22.7,17.0,16.8,8.8,7.7,-6.5,-8.5
65,745.08,39.2,23.3,23.5,-3.34,-2.3,2019-02-02 12:00:00,0.0,24.2,22.7,17.0,16.8,8.8,7.7,-6.5,-8.5
66,477.39,33.0,19.8,23.1,-1.58,0.72,2019-02-03 00:00:00,0.0,26.2,22.5,18.0,14.7,9.6,4.8,-5.1,11.1
67,477.39,33.0,19.8,23.1,-1.58,0.72,2019-02-03 12:00:00,1.0,26.2,22.5,18.0,14.7,9.6,4.8,-5.1,11.1
68,770.54,36.0,21.1,24.1,-3.18,-0.57,2019-02-04 00:00:00,0.0,25.6,22.2,18.0,15.0,9.2,6.1,-6.1,-8.3
69,770.54,36.0,21.1,24.1,-3.18,-0.57,2019-02-04 12:00:00,0.0,25.6,22.2,18.0,15.0,9.2,6.1,-6.1,-8.3
70,991.65,33.3,20.8,22.9,-2.91,0.02,2019-02-05 00:00:00,1.0,25.6,23.0,17.4,15.3,10.0,5.1,-5.5,-8.2
71,991.65,33.3,20.8,22.9,-2.91,0.02,2019-02-05 12:00:00,1.0,25.6,23.0,17.4,15.3,10.0,5.1,-5.5,-8.2
72,360.27,33.9,21.9,22.7,-2.41,-0.6,2019-02-06 00:00:00,0.0,24.6,22.2,16.4,15.6,9.6,5.2,-6.3,-7.2
73,360.27,33.9,21.9,22.7,-2.41,-0.6,2019-02-06 12:00:00,0.0,24.6,22.2,16.4,15.6,9.6,5.2,-6.3,-7.2
74,355.62,30.4,20.2,23.5,-2.44,0.68,2019-02-07 00:00:00,1.0,26.8,21.8,17.2,13.9,10.2,3.2,-6.3,10.0
75,355.62,30.4,20.2,23.5,-2.44,0.68,2019-02-07 12:00:00,0.0,26.8,21.8,17.2,13.9,10.2,3.2,-6.3,10.0
76,565.69,31.0,20.2,22.7,-1.25,0.43,2019-02-08 00:00:00,0.0,26.8,22.1,17.8,15.3,10.0,3.0,-4.9,12.9
77,565.69,31.0,20.2,22.7,-1.25,0.43,2019-02-08 12:00:00,1.0,26.8,22.1,17.8,15.3,10.0,3.0,-4.9,12.9
78,362.83,39.7,22.5,23.1,-1.96,-1.59,2019-02-09 00:00:00,1.0,23.6,22.3,17.2,16.6,9.0,9.0,-5.9,-5.9
79,362.83,39.7,22.5,23.1,-1.96,-1.59,2019-02-09 12:00:00,0.0,23.6,22.3,17.2,16.6,9.0,9.0,-5.9,-5.9
80,336.56,32.3,20.9,23.3,-1.74,-0.08,2019-02-10 00:00:00,1.0,26.2,21.8,17.4,15.0,10.4,4.4,-5.9,-6.9
81,336.56,32.3,20.9,23.3,-1.74,-0.08,2019-02-10 12:00:00,0.0,26.2,21.8,17.4,15.0,10.4,4.4,-5.9,-6.9
82,1034.8,33.3,19.3,22.3,-1.91,1.41,2019-02-11 00:00:00,1.0,26.4,22.4,17.6,14.6,8.8,5.2,-4.7,-8.1
83,1034.8,33.3,19.3,22.3,-1.91,1.41,2019-02-11 12:00:00,0.0,26.4,22.4,17.6,14.6,8.8,5.2,-4.7,-8.1
84,29.13,31.6,18.1,23.1,0.23,2.24,2019-02-12 00:00:00,1.0,24.8,20.7,18.2,13.2,9.8,5.1,-4.9,-9.1
85,29.13,31.6,18.1,23.1,0.23,2.24,2019-02-12 12:00:00,0.0,24.8,20.7,18.2,13.2,9.8,5.1,-4.9,-9.1
86,69.31,31.2,19.2,23.3,0.04,1.28,2019-02-13 00:00:00,0.0,24.8,21.1,18.0,13.9,10.0,4.0,-5.3,11.3
87,69.31,31.2,19.2,23.3,0.04,1.28,2019-02-13 12:00:00,0.0,24.8,21.1,18.0,13.9,10.0,4.0,-5.3,11.3
88,128.54,32.0,18.3,23.3,-0.96,2.29,2019-02-14 00:00:00,0.0,25.8,20.9,17.6,12.6,9.6,5.7,-5.7,-7.9
89,128.54,32.0,18.3,23.3,-0.96,2.29,2019-02-14 12:00:00,0.0,25.8,20.9,17.6,12.6,9.6,5.7,-5.7,-7.9
90,157.54,27.1,16.9,23.9,-0.95,3.23,2019-02-15 00:00:00,1.0,25.8,21.0,18.2,11.2,10.0,2.0,-5.7,22.7
91,157.54,27.1,16.9,23.9,-0.95,3.23,2019-02-15 12:00:00,0.0,25.8,21.0,18.2,11.2,10.0,2.0,-5.7,22.7
92,139.05,29.1,18.9,23.9,-1.08,1.44,2019-02-16 00:00:00,1.0,25.6,21.5,18.2,13.2,9.6,1.6,-5.7,10.7
93,139.05,29.1,18.9,23.9,-1.08,1.44,2019-02-16 12:00:00,0.0,25.6,21.5,18.2,13.2,9.6,1.6,-5.7,10.7
94,270.83,38.0,21.5,23.3,-1.72,-0.58,2019-02-17 00:00:00,0.0,25.6,21.5,17.2,15.4,7.8,7.1,-6.1,-7.3
95,270.83,38.0,21.5,23.3,-1.72,-0.58,2019-02-17 12:00:00,0.0,25.6,21.5,17.2,15.4,7.8,7.1,-6.1,-7.3
96,24.45,32.4,20.9,22.5,0.15,0.4,2019-02-18 00:00:00,0.0,25.2,19.2,16.4,14.8,7.4,2.5,-6.1,13.1
97,24.45,32.4,20.9,22.5,0.15,0.4,2019-02-18 12:00:00,0.0,25.2,19.2,16.4,14.8,7.4,2.5,-6.1,13.1
98,6.14,31.7,17.9,22.3,0.8,2.82,2019-02-19 00:00:00,0.0,27.0,20.0,17.4,13.0,8.4,4.8,-4.9,16.9
99,6.14,31.7,17.9,22.3,0.8,2.82,2019-02-19 12:00:00,0.0,27.0,20.0,17.4,13.0,8.4,4.8,-4.9,16.9
100,0.0,29.3,18.5,24.5,2.0,1.5,2019-02-20 00:00:00,0.0,26.8,17.8,18.8,12.8,10.2,2.2,-5.7,11.7
101,0.0,29.3,18.5,24.5,2.0,1.5,2019-02-20 12:00:00,0.0,26.8,17.8,18.8,12.8,10.2,2.2,-5.7,11.7
102,176.73,33.7,20.5,24.1,-1.11,-0.08,2019-02-21 00:00:00,1.0,26.2,21.2,18.2,14.6,9.4,4.4,-5.9,11.9
103,176.73,33.7,20.5,24.1,-1.11,-0.08,2019-02-21 12:00:00,0.0,26.2,21.2,18.2,14.6,9.4,4.4,-5.9,11.9
104,315.53,33.6,20.0,22.9,-0.59,0.71,2019-02-22 00:00:00,1.0,26.2,20.2,17.6,14.7,9.0,5.0,-5.3,12.3
105,315.53,33.6,20.0,22.9,-0.59,0.71,2019-02-22 12:00:00,0.0,26.2,20.2,17.6,14.7,9.0,5.0,-5.3,12.3
106,267.0,30.5,19.5,23.7,-1.12,0.98,2019-02-23 00:00:00,1.0,26.2,20.2,18.0,13.8,10.0,3.0,-5.7,11.7
107,267.0,30.5,19.5,23.7,-1.12,0.98,2019-02-23 12:00:00,0.0,26.2,20.2,18.0,13.8,10.0,3.0,-5.7,11.7
108,48.28,26.1,16.5,22.5,0.96,3.58,2019-02-24 00:00:00,1.0,26.0,21.0,18.6,12.6,10.2,1.2,-3.9,20.9
109,48.28,26.1,16.5,22.5,0.96,3.58,2019-02-24 12:00:00,0.0,26.0,21.0,18.6,12.6,10.2,1.2,-3.9,20.9
110,491.26,26.7,18.7,23.7,-2.05,1.72,2019-02-25 00:00:00,1.0,26.4,22.1,18.0,13.0,9.2,-0.8,-5.7,20.7
111,491.26,26.7,18.7,23.7,-2.05,1.72,2019-02-25 12:00:00,0.0,26.4,22.1,18.0,13.0,9.2,-0.8,-5.7,20.7
112,4.36,24.7,18.7,23.7,-0.47,1.72,2019-02-26 00:00:00,0.0,25.2,20.9,18.0,13.0,9.4,-2.6,-5.7,-9.3
113,4.36,24.7,18.7,23.7,-0.47,1.72,2019-02-26 12:00:00,0.0,25.2,20.9,18.0,13.0,9.4,-2.6,-5.7,-9.3
114,0.0,32.4,17.1,21.9,1.48,3.25,2019-02-27 00:00:00,1.0,26.2,21.3,18.2,13.4,9.2,6.3,-3.7,21.7
115,0.0,32.4,17.1,21.9,1.48,3.25,2019-02-27 12:00:00,0.0,26.2,21.3,18.2,13.4,9.2,6.3,-3.7,21.7
116,0.0,22.8,17.6,21.7,1.38,2.79,2019-02-28 00:00:00,1.0,25.8,20.8,18.2,14.1,11.4,-1.6,-3.5,16.5
117,0.0,22.8,17.6,21.7,1.38,2.79,2019-02-28 12:00:00,1.0,25.8,20.8,18.2,14.1,11.4,-1.6,-3.5,16.5
118,76.7,26.3,16.5,23.5,-0.57,3.39,2019-03-01 00:00:00,1.0,25.0,20.6,18.8,11.8,10.0,1.0,-4.7,23.7
119,76.7,26.3,16.5,23.5,-0.57,3.39,2019-03-01 12:00:00,1.0,25.0,20.6,18.8,11.8,10.0,1.0,-4.7,23.7
120,251.23,35.1,20.2,23.9,-1.86,0.3,2019-03-02 00:00:00,1.0,25.2,21.8,18.0,14.3,9.0,5.9,-5.9,-8.5
121,251.23,35.1,20.2,23.9,-1.86,0.3,2019-03-02 12:00:00,0.0,25.2,21.8,18.0,14.3,9.0,5.9,-5.9,-8.5
122,,,,,,,2019-03-03 00:00:00,1.0,,,,,,,,
123,38.6,30.1,16.7,22.7,0.3,3.46,2019-03-03 12:00:00,1.0,25.4,20.8,18.4,12.4,10.0,5.0,-4.3,12.3
124,,,,,,,2019-03-04 00:00:00,1.0,,,,,,,,
125,82.61,33.8,19.4,22.3,-0.16,1.22,2019-03-04 12:00:00,0.0,26.6,20.6,17.8,14.9,8.8,5.4,-4.5,-7.4
126,,,,,,,2019-03-05 00:00:00,0.0,,,,,,,,
127,293.99,34.8,19.7,21.5,-0.47,1.03,2019-03-05 12:00:00,0.0,26.0,21.4,17.6,15.8,9.6,7.1,-3.9,-8.1
128,220.16,35.9,18.9,23.1,-0.42,1.15,2019-03-06 00:00:00,1.0,27.0,21.0,19.0,14.8,9.8,7.8,-4.1,15.1
129,,,,,,,2019-03-06 12:00:00,0.0,,,,,,,,
130,92.35,34.8,21.5,23.7,-1.33,-0.77,2019-03-07 00:00:00,0.0,25.2,20.9,17.6,15.4,9.6,5.3,-6.1,-7.8
131,92.35,34.8,21.5,23.7,-1.33,-0.77,2019-03-07 12:00:00,0.0,25.2,20.9,17.6,15.4,9.6,5.3,-6.1,-7.8
132,46.43,31.1,18.1,23.1,-0.01,2.41,2019-03-08 00:00:00,0.0,23.8,20.7,17.8,12.8,9.2,4.4,-5.3,-6.2
133,,,,,,,2019-03-08 12:00:00,0.0,,,,,,,,
134,1071.07,33.4,19.8,24.5,-2.88,0.39,2019-03-09 00:00:00,0.0,25.8,21.6,18.6,13.9,10.2,5.2,-5.9,-7.9
135,,,,,,,2019-03-09 12:00:00,0.0,,,,,,,,
136,3419.86,36.4,22.2,22.5,-4.98,-1.68,2019-03-10 00:00:00,1.0,27.0,26.3,18.0,17.7,9.6,5.8,-4.5,38.5
137,,,,,,,2019-03-10 12:00:00,0.0,,,,,,,,
138,818.22,30.4,18.6,23.3,-1.4,1.5,2019-03-11 00:00:00,0.0,25.8,22.2,18.8,14.1,9.2,2.2,-4.5,-8.8
139,818.22,30.4,18.6,23.3,-1.4,1.5,2019-03-11 12:00:00,0.0,25.8,22.2,18.8,14.1,9.2,2.2,-4.5,-8.8
140,990.14,32.7,19.4,22.5,-2.34,1.49,2019-03-12 00:00:00,1.0,26.2,23.1,17.2,14.1,9.4,5.5,-5.3,11.3
141,990.14,32.7,19.4,22.5,-2.34,1.49,2019-03-12 12:00:00,0.0,26.2,23.1,17.2,14.1,9.4,5.5,-5.3,11.3
142,279.42,36.8,20.6,24.7,-2.53,0.06,2019-03-13 00:00:00,0.0,25.8,20.8,17.6,13.5,8.2,6.8,-7.1,-8.2
143,,,,,,,2019-03-13 12:00:00,0.0,,,,,,,,
144,0.98,36.6,20.6,20.7,0.83,0.89,2019-03-14 00:00:00,0.0,22.2,20.7,16.0,15.9,8.6,8.6,-4.7,-4.7
145,0.98,36.6,20.6,20.7,0.83,0.89,2019-03-14 12:00:00,0.0,22.2,20.7,16.0,15.9,8.6,8.6,-4.7,-4.7
146,64.17,37.8,21.2,21.3,0.33,-0.01,2019-03-15 00:00:00,0.0,22.2,22.0,16.6,16.5,8.4,8.4,-4.7,-6.2
147,64.17,37.8,21.2,21.3,0.33,-0.01,2019-03-15 12:00:00,0.0,22.2,22.0,16.6,16.5,8.4,8.4,-4.7,-6.2
148,427.64,32.8,20.2,22.9,-1.61,0.52,2019-03-16 00:00:00,1.0,25.6,22.0,17.6,14.9,9.8,4.8,-5.3,-8.6
149,427.64,32.8,20.2,22.9,-1.61,0.52,2019-03-16 12:00:00,0.0,25.6,22.0,17.6,14.9,9.8,4.8,-5.3,-8.6
150,476.51,33.1,20.6,22.1,-1.99,0.61,2019-03-17 00:00:00,0.0,26.2,22.6,16.6,15.1,9.0,4.9,-5.5,-7.4
151,476.51,33.1,20.6,22.1,-1.99,0.61,2019-03-17 12:00:00,1.0,26.2,22.6,16.6,15.1,9.0,4.9,-5.5,-7.4
152,,,,,,,2019-03-18 00:00:00,0.0,,,,,,,,
153,80.19,33.2,18.1,22.5,0.1,2.54,2019-03-18 12:00:00,0.0,23.8,21.8,17.6,13.2,8.0,5.5,-4.9,-6.6
154,402.6,27.7,20.7,24.3,-2.79,-0.19,2019-03-19 00:00:00,0.0,25.8,21.4,18.0,14.4,10.0,-1.0,-6.3,-8.7
155,402.6,27.7,20.7,24.3,-2.79,-0.19,2019-03-19 12:00:00,0.0,25.8,21.4,18.0,14.4,10.0,-1.0,-6.3,-8.7
156,735.7,27.7,20.7,23.7,-2.89,-0.17,2019-03-20 00:00:00,0.0,26.4,21.6,18.0,15.0,10.4,-0.6,-5.7,11.7
157,735.7,27.7,20.7,23.7,-2.89,-0.17,2019-03-20 12:00:00,0.0,26.4,21.6,18.0,15.0,10.4,-0.6,-5.7,11.7
158,176.93,32.7,18.8,22.7,0.01,1.34,2019-03-21 00:00:00,0.0,26.0,21.4,18.8,14.9,9.8,4.9,-3.9,12.9
159,176.93,32.7,18.8,22.7,0.01,1.34,2019-03-21 12:00:00,0.0,26.0,21.4,18.8,14.9,9.8,4.9,-3.9,12.9
160,568.96,27.8,21.6,24.1,-2.51,-1.15,2019-03-22 00:00:00,0.0,26.2,21.8,18.2,15.7,10.2,-1.8,-5.9,11.9
161,568.96,27.8,21.6,24.1,-2.51,-1.15,2019-03-22 12:00:00,0.0,26.2,21.8,18.2,15.7,10.2,-1.8,-5.9,11.9
162,890.71,35.1,20.7,23.7,-2.63,-0.44,2019-03-23 00:00:00,0.0,26.2,22.5,18.6,15.6,9.4,5.2,-5.1,14.1
163,890.71,35.1,20.7,23.7,-2.63,-0.44,2019-03-23 12:00:00,0.0,26.2,22.5,18.6,15.6,9.4,5.2,-5.1,14.1
164,580.94,34.4,20.4,22.5,-1.7,0.24,2019-03-24 00:00:00,0.0,26.4,23.1,17.8,15.7,10.0,6.2,-4.7,14.7
165,580.94,34.4,20.4,22.5,-1.7,0.24,2019-03-24 12:00:00,0.0,26.4,23.1,17.8,15.7,10.0,6.2,-4.7,14.7
166,575.77,34.7,20.2,23.1,-1.68,0.24,2019-03-25 00:00:00,0.0,27.0,22.0,18.2,15.3,9.4,5.7,-4.9,-9.9
167,575.77,34.7,20.2,23.1,-1.68,0.24,2019-03-25 12:00:00,0.0,27.0,22.0,18.2,15.3,9.4,5.7,-4.9,-9.9
168,641.61,34.2,19.6,23.5,-2.03,0.72,2019-03-26 00:00:00,0.0,27.0,23.2,18.4,14.5,9.6,5.8,-5.1,-9.1
169,641.61,34.2,19.6,23.5,-2.03,0.72,2019-03-26 12:00:00,0.0,27.0,23.2,18.4,14.5,9.6,5.8,-5.1,-9.1
170,785.39,31.5,19.9,22.7,-2.05,0.82,2019-03-27 00:00:00,0.0,26.6,22.4,17.6,14.8,9.8,3.8,-5.1,14.1
171,785.39,31.5,19.9,22.7,-2.05,0.82,2019-03-27 12:00:00,1.0,26.6,22.4,17.6,14.8,9.8,3.8,-5.1,14.1
172,207.38,38.7,21.9,22.9,-1.62,-0.98,2019-03-28 00:00:00,0.0,25.0,21.0,17.2,16.2,8.4,8.0,-5.7,-8.4
173,207.38,38.7,21.9,22.9,-1.62,-0.98,2019-03-28 12:00:00,0.0,25.0,21.0,17.2,16.2,8.4,8.0,-5.7,-8.4
174,0.0,29.9,19.5,23.1,-29.26,2.64,2019-03-29 00:00:00,1.0,21.8,18.0,14.4,10.8,5.6,1.6,-8.7,13.2
175,0.0,29.9,19.5,23.1,-29.26,2.64,2019-03-29 12:00:00,0.0,21.8,18.0,14.4,10.8,5.6,1.6,-8.7,13.2
176,489.09,33.7,19.6,23.7,-1.7,0.79,2019-03-30 00:00:00,0.0,26.0,21.9,18.2,14.1,10.0,5.9,-5.5,-9.9
177,489.09,33.7,19.6,23.7,-1.7,0.79,2019-03-30 12:00:00,0.0,26.0,21.9,18.2,14.1,10.0,5.9,-5.5,-9.9
178,548.21,35.3,19.7,23.1,-2.28,0.99,2019-03-31 00:00:00,1.0,25.8,23.3,17.6,14.2,9.4,7.4,-5.5,-9.3
179,548.21,35.3,19.7,23.1,-2.28,0.99,2019-03-31 12:00:00,1.0,25.8,23.3,17.6,14.2,9.4,7.4,-5.5,-9.3
180,47.3,31.6,19.6,22.7,0.06,0.93,2019-04-01 00:00:00,0.0,24.6,20.9,18.0,14.9,9.8,3.8,-4.7,10.7
181,47.3,31.6,19.6,22.7,0.06,0.93,2019-04-01 12:00:00,1.0,24.6,20.9,18.0,14.9,9.8,3.8,-4.7,10.7
182,194.6,36.8,20.5,23.5,-1.78,0.12,2019-04-02 00:00:00,0.0,24.6,22.2,17.8,14.8,9.4,7.9,-5.7,12.7
183,194.6,36.8,20.5,23.5,-1.78,0.12,2019-04-02 12:00:00,0.0,24.6,22.2,17.8,14.8,9.4,7.9,-5.7,12.7
184,198.94,35.8,21.2,23.1,-1.3,-0.47,2019-04-03 00:00:00,0.0,25.2,21.7,17.6,15.7,9.2,6.2,-5.5,-6.9
185,198.94,35.8,21.2,23.1,-1.3,-0.47,2019-04-03 12:00:00,0.0,25.2,21.7,17.6,15.7,9.2,6.2,-5.5,-6.9
186,,,,,,,2019-04-04 00:00:00,0.0,,,,,,,,
187,395.26,33.1,19.6,23.3,-1.45,0.73,2019-04-04 12:00:00,0.0,26.2,21.7,18.4,14.7,10.0,5.1,-4.9,-9.1
188,6.45,34.0,19.1,23.3,0.58,1.29,2019-04-05 00:00:00,0.0,27.2,19.2,18.2,14.0,8.8,5.5,-5.1,10.1
189,6.45,34.0,19.1,23.3,0.58,1.29,2019-04-05 12:00:00,1.0,27.2,19.2,18.2,14.0,8.8,5.5,-5.1,10.1
190,821.75,38.2,22.2,23.1,-3.23,-1.28,2019-04-06 00:00:00,1.0,24.6,22.7,17.2,16.3,7.6,6.4,-5.9,-6.7
191,821.75,38.2,22.2,23.1,-3.23,-1.28,2019-04-06 12:00:00,1.0,24.6,22.7,17.2,16.3,7.6,6.4,-5.9,-6.7
192,1057.47,32.5,20.3,22.9,-2.63,0.15,2019-04-07 00:00:00,0.0,26.0,23.2,18.2,15.6,11.0,5.0,-4.7,10.7
193,1057.47,32.5,20.3,22.9,-2.63,0.15,2019-04-07 12:00:00,0.0,26.0,23.2,18.2,15.6,11.0,5.0,-4.7,10.7
194,273.8,30.7,19.7,22.1,-0.3,0.84,2019-04-08 00:00:00,0.0,27.4,21.4,18.0,15.6,11.0,4.0,-4.1,17.1
195,273.8,30.7,19.7,22.1,-0.3,0.84,2019-04-08 12:00:00,0.0,27.4,21.4,18.0,15.6,11.0,4.0,-4.1,17.1
196,563.71,32.1,18.3,24.3,-1.63,1.3,2019-04-09 00:00:00,0.0,27.4,22.4,19.8,13.8,11.0,5.0,-4.5,15.5
197,563.71,32.1,18.3,24.3,-1.63,1.3,2019-04-09 12:00:00,0.0,27.4,22.4,19.8,13.8,11.0,5.0,-4.5,15.5
198,973.53,31.2,18.4,23.3,-1.56,1.28,2019-04-10 00:00:00,0.0,26.8,22.7,19.8,14.9,10.8,3.8,-3.5,18.5
199,973.53,31.2,18.4,23.3,-1.56,1.28,2019-04-10 12:00:00,0.0,26.8,22.7,19.8,14.9,10.8,3.8,-3.5,18.5
200,0.0,30.1,17.5,23.5,0.67,2.18,2019-04-11 00:00:00,0.0,26.0,20.0,19.6,13.6,11.0,4.0,-3.9,14.9
201,0.0,30.1,17.5,23.5,0.67,2.18,2019-04-11 12:00:00,0.0,26.0,20.0,19.6,13.6,11.0,4.0,-3.9,14.9
202,1326.73,34.9,17.5,23.5,-3.04,2.42,2019-04-12 00:00:00,1.0,26.8,22.5,19.0,13.0,9.6,8.0,-4.5,13.5
203,1326.73,34.9,17.5,23.5,-3.04,2.42,2019-04-12 12:00:00,0.0,26.8,22.5,19.0,13.0,9.6,8.0,-4.5,13.5
204,,,,,,,2019-04-13 00:00:00,1.0,,,,,,,,
205,528.25,32.1,17.1,23.1,-1.28,2.82,2019-04-13 12:00:00,1.0,26.2,22.0,19.0,13.0,10.4,6.4,-4.1,10.1
206,199.77,34.7,20.7,23.1,-1.6,-0.07,2019-04-14 00:00:00,0.0,24.6,22.9,17.8,15.4,10.8,7.0,-5.3,-7.4
207,199.77,34.7,20.7,23.1,-1.6,-0.07,2019-04-14 12:00:00,1.0,24.6,22.9,17.8,15.4,10.8,7.0,-5.3,-7.4
208,291.3,35.4,20.5,24.7,-2.07,-0.37,2019-04-15 00:00:00,0.0,24.6,22.8,18.8,14.6,10.0,6.1,-5.9,-6.1
209,291.3,35.4,20.5,24.7,-2.07,-0.37,2019-04-15 12:00:00,0.0,24.6,22.8,18.8,14.6,10.0,6.1,-5.9,-6.1
210,501.46,35.7,19.5,24.5,-2.22,0.42,2019-04-16 00:00:00,0.0,26.4,23.0,19.2,14.2,9.0,6.0,-5.3,-7.2
211,501.46,35.7,19.5,24.5,-2.22,0.42,2019-04-16 12:00:00,0.0,26.4,23.0,19.2,14.2,9.0,6.0,-5.3,-7.2
212,256.75,33.0,21.0,23.3,-1.89,-0.46,2019-04-17 00:00:00,1.0,26.6,22.0,18.0,15.7,11.0,5.0,-5.3,-8.6
213,256.75,33.0,21.0,23.3,-1.89,-0.46,2019-04-17 12:00:00,0.0,26.6,22.0,18.0,15.7,11.0,5.0,-5.3,-8.6
214,6.07,35.7,18.6,23.3,0.66,1.5,2019-04-18 00:00:00,0.0,26.8,20.8,18.8,14.1,9.4,7.7,-4.5,10.5
215,6.07,35.7,18.6,23.3,0.66,1.5,2019-04-18 12:00:00,0.0,26.8,20.8,18.8,14.1,9.4,7.7,-4.5,10.5
216,0.0,28.5,18.1,22.5,2.13,1.77,2019-04-19 00:00:00,0.0,26.2,21.2,19.4,15.0,10.8,1.8,-3.1,12.1
217,0.0,28.5,18.1,22.5,2.13,1.77,2019-04-19 12:00:00,0.0,26.2,21.2,19.4,15.0,10.8,1.8,-3.1,12.1
218,232.71,34.8,18.3,22.7,-0.29,1.74,2019-04-20 00:00:00,1.0,25.8,20.9,19.0,14.6,10.0,7.5,-3.7,11.7
219,232.71,34.8,18.3,22.7,-0.29,1.74,2019-04-20 12:00:00,1.0,25.8,20.9,19.0,14.6,10.0,7.5,-3.7,11.7
220,151.17,37.2,20.8,23.5,-1.67,-0.26,2019-04-21 00:00:00,1.0,25.8,21.4,18.0,15.3,9.2,7.6,-5.5,-6.7
221,151.17,37.2,20.8,23.5,-1.67,-0.26,2019-04-21 12:00:00,0.0,25.8,21.4,18.0,15.3,9.2,7.6,-5.5,-6.7
222,72.48,34.9,18.9,22.5,-0.54,1.34,2019-04-22 00:00:00,0.0,26.6,22.6,18.6,15.0,10.0,7.4,-3.9,-8.7
223,72.48,34.9,18.9,22.5,-0.54,1.34,2019-04-22 12:00:00,1.0,26.6,22.6,18.6,15.0,10.0,7.4,-3.9,-8.7
224,97.0,38.4,20.6,21.9,-0.49,-0.15,2019-04-23 00:00:00,0.0,24.8,22.9,18.2,16.9,10.4,10.0,-3.7,-5.4
225,97.0,38.4,20.6,21.9,-0.49,-0.15,2019-04-23 12:00:00,0.0,24.8,22.9,18.2,16.9,10.4,10.0,-3.7,-5.4
226,37.01,31.0,15.1,22.1,1.62,4.64,2019-04-24 00:00:00,0.0,27.0,22.4,19.2,12.2,11.8,8.5,-2.9,20.9
227,37.01,31.0,15.1,22.1,1.62,4.64,2019-04-24 12:00:00,1.0,27.0,22.4,19.2,12.2,11.8,8.5,-2.9,20.9
228,46.96,31.4,15.3,22.3,0.24,4.36,2019-04-25 00:00:00,0.0,26.4,22.0,19.4,12.4,11.2,7.9,-2.9,-6.9
229,46.96,31.4,15.3,22.3,0.24,4.36,2019-04-25 12:00:00,0.0,26.4,22.0,19.4,12.4,11.2,7.9,-2.9,-6.9
230,43.08,34.8,16.3,22.3,0.62,3.38,2019-04-26 00:00:00,1.0,26.0,21.9,19.6,13.6,10.0,8.9,-2.7,-8.7
231,43.08,34.8,16.3,22.3,0.62,3.38,2019-04-26 12:00:00,0.0,26.0,21.9,19.6,13.6,10.0,8.9,-2.7,-8.7
232,6.66,36.6,19.0,22.1,0.56,1.08,2019-04-27 00:00:00,1.0,26.8,21.9,19.0,15.9,10.4,9.0,-3.1,-7.0
233,6.66,36.6,19.0,22.1,0.56,1.08,2019-04-27 12:00:00,1.0,26.8,21.9,19.0,15.9,10.4,9.0,-3.1,-7.0
234,802.13,39.7,21.6,23.5,-3.28,-1.33,2019-04-28 00:00:00,1.0,25.6,24.1,18.6,16.7,10.0,9.5,-4.9,-6.0
235,802.13,39.7,21.6,23.5,-3.28,-1.33,2019-04-28 12:00:00,1.0,25.6,24.1,18.6,16.7,10.0,9.5,-4.9,-6.0
236,4.88,36.7,20.1,23.1,-0.17,0.25,2019-04-29 00:00:00,0.0,25.2,21.0,18.4,15.4,10.0,8.2,-4.7,-4.8
237,4.88,36.7,20.1,23.1,-0.17,0.25,2019-04-29 12:00:00,0.0,25.2,21.0,18.4,15.4,10.0,8.2,-4.7,-4.8
238,0.0,34.9,17.1,25.1,1.45,2.07,2019-04-30 00:00:00,0.0,26.4,20.4,20.4,12.4,10.0,7.4,-4.7,-6.0
239,0.0,34.9,17.1,25.1,1.45,2.07,2019-04-30 12:00:00,0.0,26.4,20.4,20.4,12.4,10.0,7.4,-4.7,-6.0
240,39.79,35.0,21.0,23.3,-0.32,-0.64,2019-05-01 00:00:00,0.0,26.8,19.8,18.4,16.1,10.0,5.6,-4.9,-8.2
241,39.79,35.0,21.0,23.3,-0.32,-0.64,2019-05-01 12:00:00,0.0,26.8,19.8,18.4,16.1,10.0,5.6,-4.9,-8.2
242,328.69,40.2,23.2,23.3,-2.37,-2.4,2019-05-02 00:00:00,1.0,24.6,22.6,17.4,17.3,8.6,8.2,-5.9,-9.4
243,328.69,40.2,23.2,23.3,-2.37,-2.4,2019-05-02 12:00:00,0.0,24.6,22.6,17.4,17.3,8.6,8.2,-5.9,-9.4
244,502.16,31.9,16.7,26.7,-2.05,1.9,2019-05-03 00:00:00,0.0,27.6,21.6,21.2,11.2,10.4,4.4,-5.5,-7.7
245,502.16,31.9,16.7,26.7,-2.05,1.9,2019-05-03 12:00:00,0.0,27.6,21.6,21.2,11.2,10.4,4.4,-5.5,-7.7
246,1112.66,32.4,20.6,24.9,-3.97,-0.47,2019-05-04 00:00:00,0.0,25.8,22.5,18.8,14.5,10.6,3.6,-6.1,10.3
247,1112.66,32.4,20.6,24.9,-3.97,-0.47,2019-05-04 12:00:00,0.0,25.8,22.5,18.8,14.5,10.6,3.6,-6.1,10.3
248,276.82,30.9,19.1,23.7,-1.25,1.01,2019-05-05 00:00:00,1.0,25.6,21.0,18.8,14.2,11.0,4.0,-4.9,21.9
249,276.82,30.9,19.1,23.7,-1.25,1.01,2019-05-05 12:00:00,0.0,25.6,21.0,18.8,14.2,11.0,4.0,-4.9,21.9
250,209.9,34.1,19.3,23.3,-0.93,0.93,2019-05-06 00:00:00,0.0,25.8,21.9,18.6,14.6,10.6,6.8,-4.7,14.7
251,209.9,34.1,19.3,23.3,-0.93,0.93,2019-05-06 12:00:00,0.0,25.8,21.9,18.6,14.6,10.6,6.8,-4.7,14.7
252,308.68,25.2,19.8,23.3,-1.36,0.53,2019-05-07 00:00:00,0.0,25.8,20.8,18.4,14.9,11.4,-1.6,-4.9,-9.2
253,308.68,25.2,19.8,23.3,-1.36,0.53,2019-05-07 12:00:00,0.0,25.8,20.8,18.4,14.9,11.4,-1.6,-4.9,-9.2
254,408.99,28.1,16.3,23.3,-1.68,3.59,2019-05-08 00:00:00,0.0,25.4,23.0,18.8,11.8,11.2,4.2,-4.5,14.5
255,408.99,28.1,16.3,23.3,-1.68,3.59,2019-05-08 12:00:00,0.0,25.4,23.0,18.8,11.8,11.2,4.2,-4.5,14.5
256,52.06,27.9,17.5,23.5,-0.95,2.66,2019-05-09 00:00:00,0.0,25.0,21.1,18.4,12.4,11.2,3.2,-5.1,32.1
257,52.06,27.9,17.5,23.5,-0.95,2.66,2019-05-09 12:00:00,0.0,25.0,21.1,18.4,12.4,11.2,3.2,-5.1,32.1
258,118.63,24.5,16.5,22.5,-0.52,3.83,2019-05-10 00:00:00,0.0,26.8,20.8,18.0,12.0,10.0,0.0,-4.5,27.5
259,118.63,24.5,16.5,22.5,-0.52,3.83,2019-05-10 12:00:00,0.0,26.8,20.8,18.0,12.0,10.0,0.0,-4.5,27.5
260,40.05,32.1,17.9,24.9,-0.58,1.84,2019-05-11 00:00:00,0.0,26.4,20.4,19.2,12.2,8.8,3.8,-5.7,14.7
261,40.05,32.1,17.9,24.9,-0.58,1.84,2019-05-11 12:00:00,1.0,26.4,20.4,19.2,12.2,8.8,3.8,-5.7,14.7
262,468.31,38.5,20.5,23.1,-1.84,0.04,2019-05-12 00:00:00,0.0,26.0,21.9,18.0,15.4,8.6,8.6,-5.1,-9.4
263,468.31,38.5,20.5,23.1,-1.84,0.04,2019-05-12 12:00:00,0.0,26.0,21.9,18.0,15.4,8.6,8.6,-5.1,-9.4
264,3.96,32.3,19.5,23.7,0.74,0.63,2019-05-13 00:00:00,0.0,26.4,19.4,18.8,14.6,10.4,4.4,-4.9,14.9
265,3.96,32.3,19.5,23.7,0.74,0.63,2019-05-13 12:00:00,1.0,26.4,19.4,18.8,14.6,10.4,4.4,-4.9,14.9
266,224.77,34.3,19.9,24.7,-1.24,-0.05,2019-05-14 00:00:00,0.0,27.2,21.2,19.4,14.6,10.2,5.2,-5.3,17.3
267,224.77,34.3,19.9,24.7,-1.24,-0.05,2019-05-14 12:00:00,0.0,27.2,21.2,19.4,14.6,10.2,5.2,-5.3,17.3
268,283.45,34.9,20.8,24.5,-1.93,-0.65,2019-05-15 00:00:00,0.0,27.0,21.0,18.8,15.1,10.4,5.7,-5.7,16.7
269,283.45,34.9,20.8,24.5,-1.93,-0.65,2019-05-15 12:00:00,0.0,27.0,21.0,18.8,15.1,10.4,5.7,-5.7,16.7
270,265.48,36.5,19.3,22.9,-0.91,0.94,2019-05-16 00:00:00,0.0,27.0,22.1,18.6,15.0,9.4,8.0,-4.3,31.3
271,265.48,36.5,19.3,22.9,-0.91,0.94,2019-05-16 12:00:00,0.0,27.0,22.1,18.6,15.0,9.4,8.0,-4.3,31.3
272,0.0,25.9,10.9,23.9,2.68,7.53,2019-05-17 00:00:00,0.0,26.6,16.6,19.6,6.6,10.0,5.4,-4.3,20.3
273,0.0,25.9,10.9,23.9,2.68,7.53,2019-05-17 12:00:00,0.0,26.6,16.6,19.6,6.6,10.0,5.4,-4.3,20.3
274,0.0,26.7,13.1,23.1,3.39,6.37,2019-05-18 00:00:00,0.0,26.2,18.2,18.6,8.6,10.4,5.4,-4.5,17.5
275,0.0,26.7,13.1,23.1,3.39,6.37,2019-05-18 12:00:00,0.0,26.2,18.2,18.6,8.6,10.4,5.4,-4.5,17.5
276,3.47,25.5,14.7,25.7,0.46,4.17,2019-05-19 00:00:00,0.0,24.6,18.6,19.8,8.8,10.6,1.6,-5.9,16.9
277,3.47,25.5,14.7,25.7,0.46,4.17,2019-05-19 12:00:00,0.0,24.6,18.6,19.8,8.8,10.6,1.6,-5.9,16.9
278,369.79,22.9,20.7,25.7,-2.72,-0.78,2019-05-20 00:00:00,0.0,26.8,22.1,19.2,14.2,11.6,-5.4,-6.5,18.5
279,369.79,22.9,20.7,25.7,-2.72,-0.78,2019-05-20 12:00:00,0.0,26.8,22.1,19.2,14.2,11.6,-5.4,-6.5,18.5
280,33.35,23.5,18.3,25.3,-1.02,1.44,2019-05-21 00:00:00,0.0,25.8,21.4,19.2,12.2,11.0,-3.0,-6.1,14.1
281,33.35,23.5,18.3,25.3,-1.02,1.44,2019-05-21 12:00:00,0.0,25.8,21.4,19.2,12.2,11.0,-3.0,-6.1,14.1
282,160.84,30.6,19.4,22.5,-1.19,1.49,2019-05-22 00:00:00,1.0,26.6,21.7,17.2,14.1,10.6,4.6,-5.3,-9.1
283,160.84,30.6,19.4,22.5,-1.19,1.49,2019-05-22 12:00:00,0.0,26.6,21.7,17.2,14.1,10.6,4.6,-5.3,-9.1
284,244.3,29.0,20.0,22.9,-2.01,0.99,2019-05-23 00:00:00,0.0,26.2,22.2,17.0,14.1,9.6,1.6,-5.9,-8.4
285,244.3,29.0,20.0,22.9,-2.01,0.99,2019-05-23 12:00:00,0.0,26.2,22.2,17.0,14.1,9.6,1.6,-5.9,-8.4
286,0.0,30.8,16.5,22.5,1.12,4.07,2019-05-24 00:00:00,0.0,26.8,20.8,17.4,11.4,9.2,6.1,-5.1,13.1
287,0.0,30.8,16.5,22.5,1.12,4.07,2019-05-24 12:00:00,0.0,26.8,20.8,17.4,11.4,9.2,6.1,-5.1,13.1
288,174.09,36.7,20.7,23.9,-0.74,-0.44,2019-05-25 00:00:00,0.0,25.2,20.8,18.6,15.4,9.8,7.2,-5.3,-9.5
289,174.09,36.7,20.7,23.9,-0.74,-0.44,2019-05-25 12:00:00,0.0,25.2,20.8,18.6,15.4,9.8,7.2,-5.3,-9.5
290,142.19,35.1,20.4,22.5,-0.41,0.24,2019-05-26 00:00:00,0.0,25.6,21.3,17.8,15.7,9.6,6.5,-4.7,13.7
291,142.19,35.1,20.4,22.5,-0.41,0.24,2019-05-26 12:00:00,0.0,25.6,21.3,17.8,15.7,9.6,6.5,-4.7,13.7
292,132.66,34.1,19.9,24.1,-0.69,0.23,2019-05-27 00:00:00,0.0,26.6,20.6,18.8,14.6,10.0,5.4,-5.3,12.3
293,132.66,34.1,19.9,24.1,-0.69,0.23,2019-05-27 12:00:00,0.0,26.6,20.6,18.8,14.6,10.0,5.4,-5.3,12.3
294,5.36,30.7,17.5,23.5,0.2,2.75,2019-05-28 00:00:00,1.0,26.0,21.4,18.2,12.2,9.2,4.2,-5.3,18.3
295,5.36,30.7,17.5,23.5,0.2,2.75,2019-05-28 12:00:00,0.0,26.0,21.4,18.2,12.2,9.2,4.2,-5.3,18.3
296,0.0,35.8,17.5,23.5,2.34,2.34,2019-05-29 00:00:00,0.0,27.0,19.0,19.2,13.2,8.4,7.5,-4.3,13.3
297,0.0,35.8,17.5,23.5,2.34,2.34,2019-05-29 12:00:00,0.0,27.0,19.0,19.2,13.2,8.4,7.5,-4.3,13.3
298,66.43,36.8,20.1,23.3,-0.45,0.33,2019-05-30 00:00:00,0.0,26.6,20.6,18.2,15.0,9.2,7.7,-5.1,12.1
299,66.43,36.8,20.1,23.3,-0.45,0.33,2019-05-30 12:00:00,0.0,26.6,20.6,18.2,15.0,9.2,7.7,-5.1,12.1
300,25.79,29.1,17.3,23.3,-0.31,3.11,2019-05-31 00:00:00,0.0,26.2,21.9,17.8,11.8,11.6,5.6,-5.5,12.5
301,25.79,29.1,17.3,23.3,-0.31,3.11,2019-05-31 12:00:00,0.0,26.2,21.9,17.8,11.8,11.6,5.6,-5.5,12.5
302,40.49,33.5,20.1,22.7,-0.49,0.8,2019-06-01 00:00:00,0.0,25.4,21.2,17.2,14.6,10.4,6.6,-5.5,-7.2
303,40.49,33.5,20.1,22.7,-0.49,0.8,2019-06-01 12:00:00,0.0,25.4,21.2,17.2,14.6,10.4,6.6,-5.5,-7.2
304,305.37,31.6,21.8,23.1,-2.19,-1.16,2019-06-02 00:00:00,0.0,25.6,23.0,17.8,16.5,11.8,3.8,-5.3,-5.3
305,305.37,31.6,21.8,23.1,-2.19,-1.16,2019-06-02 12:00:00,0.0,25.6,23.0,17.8,16.5,11.8,3.8,-5.3,-5.3
306,582.22,34.9,20.7,23.5,-2.23,-0.26,2019-06-03 00:00:00,0.0,26.6,22.8,18.2,15.4,8.8,4.8,-5.3,-5.3
307,582.22,34.9,20.7,23.5,-2.23,-0.26,2019-06-03 12:00:00,0.0,26.6,22.8,18.2,15.4,8.8,4.8,-5.3,-5.3
308,76.22,39.4,21.2,23.3,-0.16,-0.75,2019-06-04 00:00:00,0.0,24.2,21.7,18.2,16.1,8.2,8.2,-5.1,-5.1
309,76.22,39.4,21.2,23.3,-0.16,-0.75,2019-06-04 12:00:00,0.0,24.2,21.7,18.2,16.1,8.2,8.2,-5.1,-5.1
310,111.56,39.5,21.5,23.7,-1.15,-0.96,2019-06-05 00:00:00,0.0,24.4,21.6,18.0,15.8,9.2,9.2,-5.7,-6.6
311,111.56,39.5,21.5,23.7,-1.15,-0.96,2019-06-05 12:00:00,0.0,24.4,21.6,18.0,15.8,9.2,9.2,-5.7,-6.6
312,103.16,30.1,18.3,22.5,0.05,1.83,2019-06-06 00:00:00,0.0,26.2,22.0,18.8,14.6,10.0,3.0,-3.7,16.7
313,103.16,30.1,18.3,22.5,0.05,1.83,2019-06-06 12:00:00,0.0,26.2,22.0,18.8,14.6,10.0,3.0,-3.7,16.7
314,2.19,32.5,18.4,22.9,1.04,1.8,2019-06-07 00:00:00,0.0,25.6,21.0,18.6,14.1,8.8,4.3,-4.3,13.3
315,2.19,32.5,18.4,22.9,1.04,1.8,2019-06-07 12:00:00,0.0,25.6,21.0,18.6,14.1,8.8,4.3,-4.3,13.3
316,192.77,41.7,22.3,24.1,-0.94,-2.48,2019-06-08 00:00:00,0.0,23.4,22.4,19.6,17.8,9.0,8.8,-4.5,-4.5
317,192.77,41.7,22.3,24.1,-0.94,-2.48,2019-06-08 12:00:00,0.0,23.4,22.4,19.6,17.8,9.0,8.8,-4.5,-4.5
318,216.21,37.5,21.5,24.3,-2.38,-0.97,2019-06-09 00:00:00,0.0,23.6,23.2,18.0,15.2,9.6,7.6,-6.3,-6.3
319,216.21,37.5,21.5,24.3,-2.38,-0.97,2019-06-09 12:00:00,0.0,23.6,23.2,18.0,15.2,9.6,7.6,-6.3,-6.3
320,17.96,33.2,20.6,23.5,-0.46,-0.34,2019-06-10 00:00:00,0.0,24.6,21.7,18.6,15.7,11.2,5.2,-4.9,-9.9
321,17.96,33.2,20.6,23.5,-0.46,-0.34,2019-06-10 12:00:00,0.0,24.6,21.7,18.6,15.7,11.2,5.2,-4.9,-9.9
322,484.4,32.9,21.7,23.1,-2.87,-0.78,2019-06-11 00:00:00,0.0,24.8,23.0,17.2,15.8,10.6,4.6,-5.9,-8.5
323,484.4,32.9,21.7,23.1,-2.87,-0.78,2019-06-11 12:00:00,0.0,24.8,23.0,17.2,15.8,10.6,4.6,-5.9,-8.5
324,4.01,35.9,18.5,20.3,1.4,2.32,2019-06-12 00:00:00,0.0,24.4,21.9,17.4,15.6,9.4,9.4,-2.9,-7.9
325,4.01,35.9,18.5,20.3,1.4,2.32,2019-06-12 12:00:00,0.0,24.4,21.9,17.4,15.6,9.4,9.4,-2.9,-7.9
326,186.5,37.7,21.0,24.1,-1.59,-0.92,2019-06-13 00:00:00,0.0,24.6,22.4,19.0,15.9,10.0,7.7,-5.1,-5.6
327,,,,,,,2019-06-13 12:00:00,0.0,,,,,,,,
328,301.16,31.3,21.3,22.1,-1.15,-0.77,2019-06-14 00:00:00,0.0,26.0,22.7,18.0,17.2,12.0,4.0,-4.1,17.1
329,301.16,31.3,21.3,22.1,-1.15,-0.77,2019-06-14 12:00:00,0.0,26.0,22.7,18.0,17.2,12.0,4.0,-4.1,17.1
330,0.0,21.7,14.3,24.3,6.49,4.9,2019-06-15 00:00:00,0.0,24.4,15.4,19.4,9.4,9.4,-2.6,-4.9,16.9
331,0.0,21.7,14.3,24.3,6.49,4.9,2019-06-15 12:00:00,0.0,24.4,15.4,19.4,9.4,9.4,-2.6,-4.9,16.9
332,0.0,21.5,9.7,22.7,2.66,8.95,2019-06-16 00:00:00,0.0,25.6,19.6,18.8,5.8,10.0,3.0,-3.9,17.9
333,0.0,21.5,9.7,22.7,2.66,8.95,2019-06-16 12:00:00,0.0,25.6,19.6,18.8,5.8,10.0,3.0,-3.9,17.9
334,0.0,24.7,13.7,23.7,3.59,5.64,2019-06-17 00:00:00,0.0,24.6,17.6,19.0,9.0,10.8,2.8,-4.7,-7.7
335,0.0,24.7,13.7,23.7,3.59,5.64,2019-06-17 12:00:00,0.0,24.6,17.6,19.0,9.0,10.8,2.8,-4.7,-7.7
336,0.0,25.5,15.5,21.5,2.43,5.24,2019-06-18 00:00:00,0.0,25.0,19.0,17.0,11.0,10.6,3.6,-4.5,-9.4
337,,,,,,,2019-06-18 12:00:00,0.0,,,,,,,,
338,17.94,32.7,20.1,23.3,0.07,0.6,2019-06-19 00:00:00,0.0,24.4,20.0,17.6,14.4,10.2,5.2,-5.7,10.0
339,17.94,32.7,20.1,23.3,0.07,0.6,2019-06-19 12:00:00,0.0,24.4,20.0,17.6,14.4,10.2,5.2,-5.7,10.0
340,0.0,33.3,19.2,22.7,2.35,1.58,2019-06-20 00:00:00,0.0,24.6,17.6,17.4,13.9,9.2,5.9,-5.3,-9.1
341,0.0,33.3,19.2,22.7,2.35,1.58,2019-06-20 12:00:00,0.0,24.6,17.6,17.4,13.9,9.2,5.9,-5.3,-9.1
342,0.05,25.1,15.5,24.5,2.08,3.81,2019-06-21 00:00:00,0.0,25.2,19.2,19.6,10.6,10.6,0.6,-4.9,12.9
343,0.05,25.1,15.5,24.5,2.08,3.81,2019-06-21 12:00:00,0.0,25.2,19.2,19.6,10.6,10.6,0.6,-4.9,12.9
344,47.02,31.5,19.5,24.5,-1.09,0.92,2019-06-22 00:00:00,0.0,24.8,19.8,18.0,13.0,10.0,4.0,-6.5,14.5
345,47.02,31.5,19.5,24.5,-1.09,0.92,2019-06-22 12:00:00,0.0,24.8,19.8,18.0,13.0,10.0,4.0,-6.5,14.5
346,6.37,30.8,19.2,23.7,1.08,1.0,2019-06-23 00:00:00,0.0,25.8,19.8,18.6,14.1,10.6,3.6,-5.1,32.1
347,6.37,30.8,19.2,23.7,1.08,1.0,2019-06-23 12:00:00,0.0,25.8,19.8,18.6,14.1,10.6,3.6,-5.1,32.1
348,1.15,19.5,18.1,21.3,2.26,2.69,2019-06-24 00:00:00,0.0,26.0,19.0,17.4,14.2,10.2,-5.8,-3.9,34.9
349,1.15,19.5,18.1,21.3,2.26,2.69,2019-06-24 12:00:00,0.0,26.0,19.0,17.4,14.2,10.2,-5.8,-3.9,34.9
350,0.08,15.8,18.4,23.3,0.6,2.28,2019-06-25 00:00:00,0.0,26.0,20.0,17.4,12.5,9.8,10.2,-5.9,11.9
351,0.08,15.8,18.4,23.3,0.6,2.28,2019-06-25 12:00:00,0.0,26.0,20.0,17.4,12.5,9.8,10.2,-5.9,11.9
352,0.0,27.7,20.1,24.9,1.1,0.51,2019-06-26 00:00:00,0.0,25.0,17.0,17.6,12.8,11.0,1.0,-7.3,20.3
353,0.0,27.7,20.1,24.9,1.1,0.51,2019-06-26 12:00:00,0.0,25.0,17.0,17.6,12.8,11.0,1.0,-7.3,20.3
354,18.45,26.8,19.6,23.5,0.69,0.81,2019-06-27 00:00:00,0.0,24.4,19.9,18.2,14.3,10.8,-0.2,-5.3,24.3
355,18.45,26.8,19.6,23.5,0.69,0.81,2019-06-27 12:00:00,0.0,24.4,19.9,18.2,14.3,10.8,-0.2,-5.3,24.3
356,0.0,16.1,6.3,24.3,3.9,10.53,2019-06-28 00:00:00,0.0,23.6,17.6,18.8,0.8,8.8,-0.2,-5.5,15.5
357,0.0,16.1,6.3,24.3,3.9,10.53,2019-06-28 12:00:00,0.0,23.6,17.6,18.8,0.8,8.8,-0.2,-5.5,15.5
358,0.0,-9.3,12.9,21.9,4.84,7.41,2019-06-29 00:00:00,0.0,25.0,18.0,16.8,7.8,11.4,27.6,-5.1,14.1
359,0.0,-9.3,12.9,21.9,4.84,7.41,2019-06-29 12:00:00,0.0,25.0,18.0,16.8,7.8,11.4,27.6,-5.1,14.1
360,0.0,3.3,18.9,22.7,4.01,1.86,2019-06-30 00:00:00,0.0,24.8,16.8,17.4,13.6,12.0,21.0,-5.3,-9.1
361,0.0,3.3,18.9,22.7,4.01,1.86,2019-06-30 12:00:00,0.0,24.8,16.8,17.4,13.6,12.0,21.0,-5.3,-9.1
362,5.65,35.7,19.9,24.9,1.49,0.1,2019-07-01 00:00:00,0.0,26.8,17.8,19.0,14.0,9.4,6.2,-5.9,-9.2
363,5.65,35.7,19.9,24.9,1.49,0.1,2019-07-01 12:00:00,0.0,26.8,17.8,19.0,14.0,9.4,6.2,-5.9,-9.2
364,146.43,35.2,18.1,25.1,-1.38,1.87,2019-07-02 00:00:00,0.0,24.8,21.0,18.6,11.6,8.4,6.9,-6.5,-6.5
365,146.43,35.2,18.1,25.1,-1.38,1.87,2019-07-02 12:00:00,0.0,24.8,21.0,18.6,11.6,8.4,6.9,-6.5,-6.5
366,310.94,34.3,21.4,23.3,-1.43,-0.48,2019-07-03 00:00:00,0.0,25.0,21.7,17.2,15.3,10.0,5.7,-6.1,-7.3
367,310.94,34.3,21.4,23.3,-1.43,-0.48,2019-07-03 12:00:00,0.0,25.0,21.7,17.2,15.3,10.0,5.7,-6.1,-7.3
368,64.28,32.0,20.0,24.1,0.09,0.48,2019-07-04 00:00:00,1.0,25.6,19.6,18.0,13.9,11.0,5.0,-6.1,11.1
369,64.28,32.0,20.0,24.1,0.09,0.48,2019-07-04 12:00:00,0.0,25.6,19.6,18.0,13.9,11.0,5.0,-6.1,11.1
370,39.33,30.6,20.4,24.3,-0.87,0.45,2019-07-05 00:00:00,0.0,25.6,19.6,17.2,13.3,8.6,1.6,-7.1,18.1
371,39.33,30.6,20.4,24.3,-0.87,0.45,2019-07-05 12:00:00,0.0,25.6,19.6,17.2,13.3,8.6,1.6,-7.1,18.1
372,0.0,0.5,16.9,22.9,2.51,3.59,2019-07-06 00:00:00,0.0,24.6,18.6,17.6,11.6,9.4,24.6,-5.3,14.3
373,0.0,0.5,16.9,22.9,2.51,3.59,2019-07-06 12:00:00,0.0,24.6,18.6,17.6,11.6,9.4,24.6,-5.3,14.3
374,0.0,-9.3,1.9,25.9,5.37,11.79,2019-07-07 00:00:00,0.0,24.4,15.4,19.8,-4.2,11.0,20.0,-6.1,14.1
375,,,,,,,2019-07-07 12:00:00,0.0,,,,,,,,
376,0.0,14.9,10.5,25.5,2.48,7.6,2019-07-08 00:00:00,0.0,24.6,17.6,18.4,3.4,10.2,-3.8,-7.1,14.1
377,0.0,14.9,10.5,25.5,2.48,7.6,2019-07-08 12:00:00,0.0,24.6,17.6,18.4,3.4,10.2,-3.8,-7.1,14.1
378,38.62,17.4,20.0,23.5,0.37,0.78,2019-07-09 00:00:00,0.0,24.6,20.1,17.4,13.9,10.4,-9.6,-6.1,21.1
379,38.62,17.4,20.0,23.5,0.37,0.78,2019-07-09 12:00:00,0.0,24.6,20.1,17.4,13.9,10.4,-9.6,-6.1,21.1
380,60.31,27.4,18.6,22.9,-0.11,2.39,2019-07-10 00:00:00,0.0,25.4,20.4,16.8,12.5,9.2,1.2,-6.1,39.1
381,60.31,27.4,18.6,22.9,-0.11,2.39,2019-07-10 12:00:00,0.0,25.4,20.4,16.8,12.5,9.2,1.2,-6.1,39.1
382,0.0,25.5,17.7,23.7,2.14,2.71,2019-07-11 00:00:00,0.0,25.8,18.8,17.8,11.8,8.2,-1.8,-5.9,29.9
383,0.0,25.5,17.7,23.7,2.14,2.71,2019-07-11 12:00:00,0.0,25.8,18.8,17.8,11.8,8.2,-1.8,-5.9,29.9
384,7.74,35.7,20.5,22.7,1.08,1.08,2019-07-12 00:00:00,0.0,26.0,18.0,15.8,13.6,6.2,5.6,-6.9,12.9
385,7.74,35.7,20.5,22.7,1.08,1.08,2019-07-12 12:00:00,0.0,26.0,18.0,15.8,13.6,6.2,5.6,-6.9,12.9
386,0.0,28.8,17.4,21.7,3.53,3.77,2019-07-13 00:00:00,0.0,25.0,18.0,16.4,12.1,7.6,2.6,-5.3,15.3
387,0.0,28.8,17.4,21.7,3.53,3.77,2019-07-13 12:00:00,0.0,25.0,18.0,16.4,12.1,7.6,2.6,-5.3,15.3
388,0.0,19.1,15.3,23.3,4.74,5.58,2019-07-14 00:00:00,0.0,26.0,13.0,15.8,7.8,9.8,-2.2,-7.5,14.5
389,0.0,19.1,15.3,23.3,4.74,5.58,2019-07-14 12:00:00,0.0,26.0,13.0,15.8,7.8,9.8,-2.2,-7.5,14.5
390,0.0,10.0,18.0,21.5,3.53,3.41,2019-07-15 00:00:00,0.0,24.2,18.2,16.0,12.5,11.6,12.4,-5.5,41.5
391,0.0,10.0,18.0,21.5,3.53,3.41,2019-07-15 12:00:00,0.0,24.2,18.2,16.0,12.5,11.6,12.4,-5.5,41.5
392,0.0,30.2,17.5,23.5,3.25,3.32,2019-07-16 00:00:00,0.0,25.6,16.6,16.8,10.8,8.0,3.9,-6.7,12.7
393,0.0,30.2,17.5,23.5,3.25,3.32,2019-07-16 12:00:00,0.0,25.6,16.6,16.8,10.8,8.0,3.9,-6.7,12.7
394,9.89,36.4,21.3,24.3,-0.52,-0.13,2019-07-17 00:00:00,0.0,25.2,19.2,16.6,13.6,8.6,7.1,-7.7,12.3
395,9.89,36.4,21.3,24.3,-0.52,-0.13,2019-07-17 12:00:00,0.0,25.2,19.2,16.6,13.6,8.6,7.1,-7.7,12.3
396,0.37,31.0,17.7,24.7,1.32,2.66,2019-07-18 00:00:00,0.0,26.0,18.0,17.6,10.6,9.0,4.7,-7.1,13.1
397,0.37,31.0,17.7,24.7,1.32,2.66,2019-07-18 12:00:00,0.0,26.0,18.0,17.6,10.6,9.0,4.7,-7.1,13.1
398,53.94,36.2,20.5,27.5,-1.53,-1.14,2019-07-19 00:00:00,0.0,27.4,19.4,20.2,13.2,10.2,5.7,-7.3,-8.5
399,53.94,36.2,20.5,27.5,-1.53,-1.14,2019-07-19 12:00:00,0.0,27.4,19.4,20.2,13.2,10.2,5.7,-7.3,-8.5
400,303.13,27.5,20.5,25.5,-3.28,-0.08,2019-07-20 00:00:00,0.0,26.4,21.7,18.0,13.0,12.6,1.6,-7.5,16.5
401,303.13,27.5,20.5,25.5,-3.28,-0.08,2019-07-20 12:00:00,0.0,26.4,21.7,18.0,13.0,12.6,1.6,-7.5,16.5
402,,,,,,,2019-07-21 00:00:00,0.0,,,,,,,,
403,0.0,2.5,3.5,24.5,4.4,11.88,2019-07-21 12:00:00,0.0,25.6,17.6,19.0,-2.0,10.6,-9.4,-5.5,15.5
404,,,,,,,2019-07-22 00:00:00,0.0,,,,,,,,
405,0.0,2.9,6.7,26.7,2.59,9.15,2019-07-22 12:00:00,0.0,24.0,18.0,19.2,-0.8,9.8,13.2,-7.5,14.5
406,0.0,6.7,5.1,25.1,5.52,10.95,2019-07-23 00:00:00,0.0,24.2,19.2,17.6,-2.4,9.6,-6.4,-7.5,17.5
407,0.0,6.7,5.1,25.1,5.52,10.95,2019-07-23 12:00:00,0.0,24.2,19.2,17.6,-2.4,9.6,-6.4,-7.5,17.5
408,0.0,-19.7,2.5,25.5,7.12,11.82,2019-07-24 00:00:00,0.0,24.4,12.4,18.8,-4.2,11.0,30.0,-6.7,16.7
409,0.0,-19.7,2.5,25.5,7.12,11.82,2019-07-24 12:00:00,0.0,24.4,12.4,18.8,-4.2,11.0,30.0,-6.7,16.7
410,0.0,6.3,17.9,22.9,3.91,3.2,2019-07-25 00:00:00,0.0,25.0,16.0,16.4,11.4,12.8,15.2,-6.5,19.5
411,0.0,6.3,17.9,22.9,3.91,3.2,2019-07-25 12:00:00,0.0,25.0,16.0,16.4,11.4,12.8,15.2,-6.5,19.5
412,0.0,27.2,12.3,24.3,4.33,6.75,2019-07-26 00:00:00,0.0,25.6,15.6,18.4,6.4,6.0,2.5,-5.9,18.9
413,0.0,27.2,12.3,24.3,4.33,6.75,2019-07-26 12:00:00,0.0,25.6,15.6,18.4,6.4,6.0,2.5,-5.9,18.9
414,10.57,25.8,17.6,22.5,1.35,3.17,2019-07-27 00:00:00,0.0,25.6,19.6,17.2,12.3,10.2,1.2,-5.3,36.3
415,10.57,25.8,17.6,22.5,1.35,3.17,2019-07-27 12:00:00,0.0,25.6,19.6,17.2,12.3,10.2,1.2,-5.3,36.3
416,0.0,3.3,9.7,25.7,2.11,7.98,2019-07-28 00:00:00,0.0,25.6,17.6,18.6,2.6,10.0,15.0,-7.1,18.1
417,0.0,3.3,9.7,25.7,2.11,7.98,2019-07-28 12:00:00,0.0,25.6,17.6,18.6,2.6,10.0,15.0,-7.1,18.1
418,0.0,-11.1,10.7,23.7,2.88,8.12,2019-07-29 00:00:00,0.0,25.4,18.4,18.2,5.2,11.0,29.0,-5.5,38.5
419,0.0,-11.1,10.7,23.7,2.88,8.12,2019-07-29 12:00:00,0.0,25.4,18.4,18.2,5.2,11.0,29.0,-5.5,38.5
420,0.0,9.7,15.1,23.1,4.16,5.48,2019-07-30 00:00:00,0.0,23.2,16.2,16.6,8.6,9.8,12.2,-6.5,13.5
421,,,,,,,2019-07-30 12:00:00,0.0,,,,,,,,
422,0.0,16.7,4.1,26.1,4.35,10.79,2019-07-31 00:00:00,0.0,24.2,16.2,18.6,-3.4,8.6,2.6,-7.5,22.5
423,,,,,,,2019-07-31 12:00:00,0.0,,,,,,,,
424,0.0,15.1,5.7,25.7,5.38,10.25,2019-08-01 00:00:00,0.0,25.6,13.6,18.4,-1.6,10.0,1.0,-7.3,18.3
425,0.0,15.1,5.7,25.7,5.38,10.25,2019-08-01 12:00:00,0.0,25.6,13.6,18.4,-1.6,10.0,1.0,-7.3,18.3
426,0.0,15.7,8.1,25.1,5.03,9.19,2019-08-02 00:00:00,0.0,25.4,15.4,18.6,1.6,10.2,-0.8,-6.5,13.5
427,,,,,,,2019-08-02 12:00:00,0.0,,,,,,,,
428,0.0,1.5,10.9,25.9,2.95,7.39,2019-08-03 00:00:00,0.0,24.6,15.6,17.6,2.6,11.6,15.4,-8.3,16.3
429,0.0,1.5,10.9,25.9,2.95,7.39,2019-08-03 12:00:00,0.0,24.6,15.6,17.6,2.6,11.6,15.4,-8.3,16.3
430,0.0,-1.1,16.7,21.5,4.77,4.95,2019-08-04 00:00:00,0.0,24.4,16.4,15.2,10.4,11.6,21.4,-6.3,14.3
431,0.0,-1.1,16.7,21.5,4.77,4.95,2019-08-04 12:00:00,0.0,24.4,16.4,15.2,10.4,11.6,21.4,-6.3,14.3
432,10.29,5.3,20.3,24.5,1.46,1.06,2019-08-05 00:00:00,0.0,24.2,16.2,16.0,11.8,11.4,19.6,-8.5,14.5
433,10.29,5.3,20.3,24.5,1.46,1.06,2019-08-05 12:00:00,0.0,24.2,16.2,16.0,11.8,11.4,19.6,-8.5,14.5
434,2.15,3.7,19.3,24.3,0.44,1.8,2019-08-06 00:00:00,0.0,24.6,18.6,16.4,11.4,11.6,20.4,-7.9,15.9
435,2.15,3.7,19.3,24.3,0.44,1.8,2019-08-06 12:00:00,0.0,24.6,18.6,16.4,11.4,11.6,20.4,-7.9,15.9
436,0.0,5.1,17.5,24.5,1.76,3.26,2019-08-07 00:00:00,0.0,24.8,17.8,16.6,9.6,11.4,17.6,-7.9,15.9
437,0.0,5.1,17.5,24.5,1.76,3.26,2019-08-07 12:00:00,0.0,24.8,17.8,16.6,9.6,11.4,17.6,-7.9,15.9
438,0.0,11.3,17.7,23.7,2.35,3.2,2019-08-08 00:00:00,0.0,25.2,18.2,16.6,10.6,9.0,14.0,-7.1,14.1
439,,,,,,,2019-08-08 12:00:00,0.0,,,,,,,,
440,0.0,20.7,17.9,25.9,1.13,2.23,2019-08-09 00:00:00,0.0,25.8,17.8,17.8,9.8,9.2,-5.8,-8.1,10.7
441,0.0,20.7,17.9,25.9,1.13,2.23,2019-08-09 12:00:00,0.0,25.8,17.8,17.8,9.8,9.2,-5.8,-8.1,10.7
442,30.7,18.3,17.1,26.1,0.13,2.71,2019-08-10 00:00:00,0.0,25.0,18.0,18.2,9.2,10.0,-7.0,-7.9,12.5
443,30.7,18.3,17.1,26.1,0.13,2.71,2019-08-10 12:00:00,0.0,25.0,18.0,18.2,9.2,10.0,-7.0,-7.9,12.5
444,60.2,18.1,19.7,24.7,-1.58,0.98,2019-08-11 00:00:00,0.0,24.4,21.2,17.4,12.4,11.0,-8.0,-7.3,15.3
445,60.2,18.1,19.7,24.7,-1.58,0.98,2019-08-11 12:00:00,0.0,24.4,21.2,17.4,12.4,11.0,-8.0,-7.3,15.3
446,20.05,18.5,16.5,22.5,1.77,3.83,2019-08-12 00:00:00,0.0,25.2,20.2,18.0,12.0,8.8,-7.2,-4.5,16.5
447,20.05,18.5,16.5,22.5,1.77,3.83,2019-08-12 12:00:00,0.0,25.2,20.2,18.0,12.0,8.8,-7.2,-4.5,16.5
448,0.82,19.9,15.7,27.7,0.45,2.82,2019-08-13 00:00:00,0.0,25.8,18.8,20.2,8.2,10.4,-5.6,-7.5,17.5
449,0.82,19.9,15.7,27.7,0.45,2.82,2019-08-13 12:00:00,0.0,25.8,18.8,20.2,8.2,10.4,-5.6,-7.5,17.5
450,0.0,18.9,14.5,25.5,5.89,4.49,2019-08-14 00:00:00,0.0,26.2,14.2,19.4,8.4,9.8,-5.2,-6.1,17.1
451,0.0,18.9,14.5,25.5,5.89,4.49,2019-08-14 12:00:00,0.0,26.2,14.2,19.4,8.4,9.8,-5.2,-6.1,17.1
452,0.0,9.1,8.7,21.7,11.77,10.34,2019-08-15 00:00:00,0.0,26.4,11.4,17.4,4.4,10.4,-6.6,-4.3,17.3
453,0.0,9.1,8.7,21.7,11.77,10.34,2019-08-15 12:00:00,0.0,26.4,11.4,17.4,4.4,10.4,-6.6,-4.3,17.3
454,0.0,1.5,11.9,23.9,3.44,7.09,2019-08-16 00:00:00,0.0,24.8,17.8,18.6,6.6,10.6,18.4,-5.3,16.3
455,0.0,1.5,11.9,23.9,3.44,7.09,2019-08-16 12:00:00,0.0,24.8,17.8,18.6,6.6,10.6,18.4,-5.3,16.3
456,0.56,14.5,18.1,23.1,1.5,3.0,2019-08-17 00:00:00,0.0,24.8,17.8,16.4,11.4,10.8,-9.2,-6.7,12.7
457,0.56,14.5,18.1,23.1,1.5,3.0,2019-08-17 12:00:00,0.0,24.8,17.8,16.4,11.4,10.8,-9.2,-6.7,12.7
458,0.0,23.5,13.1,26.1,1.94,5.66,2019-08-18 00:00:00,0.0,24.6,16.6,18.4,5.4,9.8,1.8,-7.7,14.7
459,,,,,,,2019-08-18 12:00:00,0.0,,,,,,,,
460,0.0,31.0,18.6,23.5,2.39,2.08,2019-08-19 00:00:00,0.0,24.8,17.8,17.4,12.5,9.0,4.0,-6.1,16.1
461,,,,,,,2019-08-19 12:00:00,0.0,,,,,,,,
462,49.39,26.9,19.5,24.1,-0.92,1.64,2019-08-20 00:00:00,0.0,24.0,20.5,16.4,11.8,9.6,0.6,-7.7,13.7
463,49.39,26.9,19.5,24.1,-0.92,1.64,2019-08-20 12:00:00,0.0,24.0,20.5,16.4,11.8,9.6,0.6,-7.7,13.7
464,0.0,9.1,15.3,19.7,4.36,6.13,2019-08-21 00:00:00,0.0,26.6,17.6,15.8,11.4,11.8,10.2,-3.9,18.9
465,0.0,9.1,15.3,19.7,4.36,6.13,2019-08-21 12:00:00,0.0,26.6,17.6,15.8,11.4,11.8,10.2,-3.9,18.9
466,0.0,1.1,15.1,21.1,5.74,6.05,2019-08-22 00:00:00,0.0,24.4,15.4,16.0,10.0,9.2,20.8,-5.1,18.1
467,0.0,1.1,15.1,21.1,5.74,6.05,2019-08-22 12:00:00,0.0,24.4,15.4,16.0,10.0,9.2,20.8,-5.1,18.1
468,0.0,29.4,16.1,22.1,3.8,4.31,2019-08-23 00:00:00,0.0,25.2,18.2,17.8,11.8,8.8,4.3,-4.3,15.3
469,0.0,29.4,16.1,22.1,3.8,4.31,2019-08-23 12:00:00,0.0,25.2,18.2,17.8,11.8,8.8,4.3,-4.3,15.3
470,20.62,24.1,16.7,23.7,2.49,2.96,2019-08-24 00:00:00,0.0,25.2,19.2,19.4,12.4,11.0,-1.0,-4.3,27.3
471,20.62,24.1,16.7,23.7,2.49,2.96,2019-08-24 12:00:00,0.0,25.2,19.2,19.4,12.4,11.0,-1.0,-4.3,27.3
472,0.0,25.1,16.1,23.1,3.17,4.11,2019-08-25 00:00:00,0.0,26.4,17.4,18.0,11.0,9.8,0.8,-5.1,29.1
473,0.0,25.1,16.1,23.1,3.17,4.11,2019-08-25 12:00:00,0.0,26.4,17.4,18.0,11.0,9.8,0.8,-5.1,29.1
474,0.0,1.2,18.4,22.5,6.11,2.61,2019-08-26 00:00:00,0.0,26.2,13.2,16.8,12.7,12.0,22.0,-5.7,19.7
475,0.0,1.2,18.4,22.5,6.11,2.61,2019-08-26 12:00:00,0.0,26.2,13.2,16.8,12.7,12.0,22.0,-5.7,19.7
476,0.0,1.3,20.7,25.7,4.02,0.32,2019-08-27 00:00:00,0.0,25.2,13.2,16.6,11.6,11.8,24.2,-9.1,11.0
477,0.0,1.3,20.7,25.7,4.02,0.32,2019-08-27 12:00:00,0.0,25.2,13.2,16.6,11.6,11.8,24.2,-9.1,11.0
478,0.0,-13.7,-3.7,24.3,8.53,14.92,2019-08-28 00:00:00,0.0,25.8,13.8,19.0,-9.0,9.0,20.0,-5.3,35.3
479,0.0,-13.7,-3.7,24.3,8.53,14.92,2019-08-28 12:00:00,0.0,25.8,13.8,19.0,-9.0,9.0,20.0,-5.3,35.3
480,0.0,-15.9,-2.9,23.1,12.48,15.43,2019-08-29 00:00:00,0.0,25.6,8.6,18.0,-8.0,9.2,21.8,-5.1,22.1
481,0.0,-15.9,-2.9,23.1,12.48,15.43,2019-08-29 12:00:00,0.0,25.6,8.6,18.0,-8.0,9.2,21.8,-5.1,22.1
482,0.0,14.1,5.1,22.1,10.12,12.66,2019-08-30 00:00:00,0.0,25.8,10.8,16.0,-1.0,9.0,2.0,-6.1,18.1
483,0.0,14.1,5.1,22.1,10.12,12.66,2019-08-30 12:00:00,0.0,25.8,10.8,16.0,-1.0,9.0,2.0,-6.1,18.1
484,0.0,22.9,18.7,24.7,2.35,1.96,2019-08-31 00:00:00,0.0,25.4,16.4,17.2,11.2,10.6,-2.4,-7.5,23.5
485,0.0,22.9,18.7,24.7,2.35,1.96,2019-08-31 12:00:00,0.0,25.4,16.4,17.2,11.2,10.6,-2.4,-7.5,23.5
486,0.0,26.9,18.7,24.7,3.71,1.55,2019-09-01 00:00:00,0.0,26.0,15.0,18.2,12.2,9.4,-0.6,-6.5,35.5
487,0.0,26.9,18.7,24.7,3.71,1.55,2019-09-01 12:00:00,0.0,26.0,15.0,18.2,12.2,9.4,-0.6,-6.5,35.5
488,,,,,,,2019-09-02 00:00:00,0.0,,,,,,,,
489,,,,,,,2019-09-02 12:00:00,0.0,,,,,,,,
490,0.0,-4.7,-3.5,26.5,8.43,13.39,2019-09-03 00:00:00,0.0,26.0,11.0,19.8,10.2,8.8,12.2,-6.7,20.7
491,0.0,-4.7,-3.5,26.5,8.43,13.39,2019-09-03 12:00:00,0.0,26.0,11.0,19.8,10.2,8.8,12.2,-6.7,20.7
492,0.0,-2.7,0.3,25.3,6.04,12.84,2019-09-04 00:00:00,0.0,24.4,15.4,19.0,-6.0,8.4,13.6,-6.3,14.3
493,0.0,-2.7,0.3,25.3,6.04,12.84,2019-09-04 12:00:00,0.0,24.4,15.4,19.0,-6.0,8.4,13.6,-6.3,14.3
494,0.0,5.9,10.7,21.7,6.54,8.99,2019-09-05 00:00:00,0.0,25.4,15.4,17.2,6.2,11.4,10.6,-4.5,15.5
495,0.0,5.9,10.7,21.7,6.54,8.99,2019-09-05 12:00:00,0.0,25.4,15.4,17.2,6.2,11.4,10.6,-4.5,15.5
496,14.04,20.5,18.5,22.5,3.0,2.43,2019-09-06 00:00:00,0.0,25.0,17.0,17.0,13.0,10.2,-4.8,-5.5,15.5
497,14.04,20.5,18.5,22.5,3.0,2.43,2019-09-06 12:00:00,0.0,25.0,17.0,17.0,13.0,10.2,-4.8,-5.5,15.5
498,0.0,26.2,19.6,24.1,2.4,1.03,2019-09-07 00:00:00,0.0,26.4,16.4,17.6,13.1,11.0,0.0,-6.5,14.5
499,0.0,26.2,19.6,24.1,2.4,1.03,2019-09-07 12:00:00,0.0,26.4,16.4,17.6,13.1,11.0,0.0,-6.5,14.5
500,0.0,20.1,15.7,26.7,3.29,3.29,2019-09-08 00:00:00,0.0,25.4,15.4,19.4,8.4,11.0,-4.0,-7.3,16.3
501,0.0,20.1,15.7,26.7,3.29,3.29,2019-09-08 12:00:00,0.0,25.4,15.4,19.4,8.4,11.0,-4.0,-7.3,16.3
502,0.0,-10.7,0.7,24.7,6.98,13.1,2019-09-09 00:00:00,0.0,24.4,14.4,17.6,-6.4,13.0,16.0,-7.1,20.1
503,0.0,-10.7,0.7,24.7,6.98,13.1,2019-09-09 12:00:00,0.0,24.4,14.4,17.6,-6.4,13.0,16.0,-7.1,20.1
504,0.0,-1.5,5.1,20.1,11.89,13.46,2019-09-10 00:00:00,0.0,25.4,10.4,16.4,1.4,9.6,13.4,-3.7,33.7
505,,,,,,,2019-09-10 12:00:00,0.0,,,,,,,,
506,0.0,-2.5,8.1,22.1,7.66,10.85,2019-09-11 00:00:00,0.0,24.2,14.2,16.4,2.4,10.2,16.8,-5.7,36.7
507,0.0,-2.5,8.1,22.1,7.66,10.85,2019-09-11 12:00:00,0.0,24.2,14.2,16.4,2.4,10.2,16.8,-5.7,36.7
508,0.0,1.1,11.1,19.1,10.39,10.08,2019-09-12 00:00:00,0.0,25.0,12.0,15.0,7.0,9.8,15.2,-4.1,42.1
509,0.0,1.1,11.1,19.1,10.39,10.08,2019-09-12 12:00:00,0.0,25.0,12.0,15.0,7.0,9.8,15.2,-4.1,42.1
510,,,,,,,2019-09-13 00:00:00,0.0,,,,,,,,
511,0.0,4.5,8.7,21.7,6.36,10.5,2019-09-13 12:00:00,0.0,25.2,15.2,16.8,3.8,10.0,11.0,-4.9,35.9
512,,,,,,,2019-09-14 00:00:00,0.0,,,,,,,,
513,0.0,5.5,8.1,24.1,7.54,9.84,2019-09-14 12:00:00,0.0,25.8,11.8,17.4,1.4,11.4,-8.6,-6.7,23.7
514,0.0,16.9,14.7,24.7,3.67,5.24,2019-09-15 00:00:00,0.0,25.4,15.4,17.2,7.2,10.6,-4.4,-7.5,19.5
515,0.0,16.9,14.7,24.7,3.67,5.24,2019-09-15 12:00:00,0.0,25.4,15.4,17.2,7.2,10.6,-4.4,-7.5,19.5
516,0.0,11.7,12.5,25.5,3.44,6.32,2019-09-16 00:00:00,0.0,27.4,14.4,18.2,5.2,11.0,-8.0,-7.3,42.3
517,0.0,11.7,12.5,25.5,3.44,6.32,2019-09-16 12:00:00,0.0,27.4,14.4,18.2,5.2,11.0,-8.0,-7.3,42.3
518,0.0,11.7,12.7,21.7,5.94,7.53,2019-09-17 00:00:00,0.0,25.4,15.4,17.0,8.0,10.2,-7.8,-4.7,43.7
519,0.0,11.7,12.7,21.7,5.94,7.53,2019-09-17 12:00:00,0.0,25.4,15.4,17.0,8.0,10.2,-7.8,-4.7,43.7
520,0.0,6.9,14.3,23.3,3.89,5.72,2019-09-18 00:00:00,0.0,27.2,16.2,17.6,8.6,10.8,14.2,-5.7,26.7
521,,,,,,,2019-09-18 12:00:00,0.0,,,,,,,,
522,0.0,3.7,12.5,20.5,6.61,7.86,2019-09-19 00:00:00,0.0,25.6,16.6,17.2,9.2,12.0,14.0,-3.3,24.3
523,0.0,3.7,12.5,20.5,6.61,7.86,2019-09-19 12:00:00,0.0,25.6,16.6,17.2,9.2,12.0,14.0,-3.3,24.3
524,0.0,10.1,15.5,22.5,3.99,4.86,2019-09-20 00:00:00,0.0,26.4,16.4,17.6,10.6,11.2,11.8,-4.9,27.9
525,0.0,10.1,15.5,22.5,3.99,4.86,2019-09-20 12:00:00,0.0,26.4,16.4,17.6,10.6,11.2,11.8,-4.9,27.9
526,0.0,15.1,16.7,23.7,4.07,3.35,2019-09-21 00:00:00,0.0,25.8,15.8,18.4,11.4,11.2,-8.8,-5.3,18.3
527,0.0,15.1,16.7,23.7,4.07,3.35,2019-09-21 12:00:00,0.0,25.8,15.8,18.4,11.4,11.2,-8.8,-5.3,18.3
528,12.37,20.3,15.9,23.9,0.8,4.01,2019-09-22 00:00:00,0.0,25.8,18.8,18.4,10.4,10.0,-4.0,-5.5,20.5
529,12.37,20.3,15.9,23.9,0.8,4.01,2019-09-22 12:00:00,0.0,25.8,18.8,18.4,10.4,10.0,-4.0,-5.5,20.5
530,,,,,,,2019-09-23 00:00:00,0.0,,,,,,,,
531,34.9,22.9,20.3,26.3,-1.29,-0.22,2019-09-23 12:00:00,0.0,25.8,19.8,18.6,12.6,10.4,-5.6,-7.7,15.7
532,,,,,,,2019-09-24 00:00:00,0.0,,,,,,,,
533,0.0,16.9,15.1,25.1,3.89,4.3,2019-09-24 12:00:00,0.0,25.4,16.4,18.8,8.8,9.8,-7.2,-6.3,26.3
534,0.0,27.5,17.9,22.5,3.29,2.72,2019-09-25 00:00:00,0.0,27.6,16.6,17.6,13.0,9.4,1.4,-4.9,34.9
535,0.0,27.5,17.9,22.5,3.29,2.72,2019-09-25 12:00:00,0.0,27.6,16.6,17.6,13.0,9.4,1.4,-4.9,34.9
536,4.25,26.7,18.7,23.7,0.42,2.15,2019-09-26 00:00:00,0.0,26.6,18.6,17.0,12.0,10.2,1.2,-6.7,14.7
537,4.25,26.7,18.7,23.7,0.42,2.15,2019-09-26 12:00:00,0.0,26.6,18.6,17.0,12.0,10.2,1.2,-6.7,14.7
538,0.0,26.1,16.3,27.3,0.01,3.2,2019-09-27 00:00:00,0.0,25.6,16.6,17.8,6.8,8.8,0.8,-9.5,12.8
539,0.0,26.1,16.3,27.3,0.01,3.2,2019-09-27 12:00:00,0.0,25.6,16.6,17.8,6.8,8.8,0.8,-9.5,12.8
540,0.0,23.5,12.5,22.5,6.19,7.17,2019-09-28 00:00:00,0.0,26.4,14.4,18.0,8.0,10.6,3.6,-4.5,41.5
541,0.0,23.5,12.5,22.5,6.19,7.17,2019-09-28 12:00:00,0.0,26.4,14.4,18.0,8.0,10.6,3.6,-4.5,41.5
542,0.0,7.9,8.3,22.3,3.43,10.35,2019-09-29 00:00:00,0.0,25.6,17.6,17.6,3.6,11.2,-6.8,-4.7,46.7
543,0.0,7.9,8.3,22.3,3.43,10.35,2019-09-29 12:00:00,0.0,25.6,17.6,17.6,3.6,11.2,-6.8,-4.7,46.7
544,0.0,4.3,11.7,24.7,3.18,7.28,2019-09-30 00:00:00,0.0,25.4,16.4,17.6,4.6,11.0,14.0,-7.1,10.0
545,0.0,4.3,11.7,24.7,3.18,7.28,2019-09-30 12:00:00,0.0,25.4,16.4,17.6,4.6,11.0,14.0,-7.1,10.0
546,0.0,20.9,8.9,25.9,2.53,8.31,2019-10-01 00:00:00,0.0,26.4,16.4,19.0,2.0,9.6,2.6,-6.9,17.9
547,0.0,20.9,8.9,25.9,2.53,8.31,2019-10-01 12:00:00,0.0,26.4,16.4,19.0,2.0,9.6,2.6,-6.9,17.9
548,243.73,27.0,19.2,23.3,-1.45,1.81,2019-10-02 00:00:00,0.0,26.2,20.2,16.8,12.7,10.6,1.6,-6.5,20.5
549,243.73,27.0,19.2,23.3,-1.45,1.81,2019-10-02 12:00:00,0.0,26.2,20.2,16.8,12.7,10.6,1.6,-6.5,20.5
550,16.24,18.3,12.3,23.3,1.09,7.14,2019-10-03 00:00:00,0.0,26.2,20.2,18.0,7.0,9.0,-3.0,-5.3,22.3
551,16.24,18.3,12.3,23.3,1.09,7.14,2019-10-03 12:00:00,,26.2,20.2,18.0,7.0,9.0,-3.0,-5.3,22.3
552,0.0,17.7,11.1,23.1,3.88,8.19,2019-10-04 00:00:00,0.0,26.0,17.0,17.6,5.6,8.6,-2.4,-5.5,30.5
553,0.0,17.7,11.1,23.1,3.88,8.19,2019-10-04 12:00:00,0.0,26.0,17.0,17.6,5.6,8.6,-2.4,-5.5,30.5
554,0.0,22.3,10.5,23.5,7.18,8.43,2019-10-05 00:00:00,0.0,27.4,12.4,17.8,4.8,9.6,3.6,-5.7,20.7
555,0.0,22.3,10.5,23.5,7.18,8.43,2019-10-05 12:00:00,0.0,27.4,12.4,17.8,4.8,9.6,3.6,-5.7,20.7
556,0.25,33.3,16.3,22.3,3.28,3.86,2019-10-06 00:00:00,0.0,26.0,18.0,18.4,12.4,7.2,5.8,-3.9,29.9
557,0.25,33.3,16.3,22.3,3.28,3.86,2019-10-06 12:00:00,0.0,26.0,18.0,18.4,12.4,7.2,5.8,-3.9,29.9
558,0.0,20.5,10.1,24.1,4.74,8.09,2019-10-07 00:00:00,0.0,27.2,16.2,19.4,5.4,9.2,0.2,-4.7,19.7
559,0.0,20.5,10.1,24.1,4.74,8.09,2019-10-07 12:00:00,0.0,27.2,16.2,19.4,5.4,9.2,0.2,-4.7,19.7
560,0.0,16.9,10.9,24.9,3.28,7.39,2019-10-08 00:00:00,0.0,26.4,17.4,19.0,5.0,10.0,-3.0,-5.9,20.9
561,0.0,16.9,10.9,24.9,3.28,7.39,2019-10-08 12:00:00,0.0,26.4,17.4,19.0,5.0,10.0,-3.0,-5.9,20.9
562,0.0,22.7,16.1,24.1,1.87,4.11,2019-10-09 00:00:00,0.0,26.0,16.0,17.6,9.6,9.6,-1.4,-6.5,25.5
563,0.0,22.7,16.1,24.1,1.87,4.11,2019-10-09 12:00:00,0.0,26.0,16.0,17.6,9.6,9.6,-1.4,-6.5,25.5
564,2.54,18.7,18.7,27.7,-0.75,1.18,2019-10-10 00:00:00,0.0,26.0,18.0,18.0,9.0,11.4,-6.6,-9.7,30.7
565,2.54,18.7,18.7,27.7,-0.75,1.18,2019-10-10 12:00:00,0.0,26.0,18.0,18.0,9.0,11.4,-6.6,-9.7,30.7
566,8.7,2.5,4.1,25.1,-0.22,11.34,2019-10-11 00:00:00,0.0,24.8,18.8,18.4,-2.6,10.0,10.0,-6.7,14.7
567,8.7,2.5,4.1,25.1,-0.22,11.34,2019-10-11 12:00:00,0.0,24.8,18.8,18.4,-2.6,10.0,10.0,-6.7,14.7
568,0.0,-2.1,1.7,24.7,6.44,12.59,2019-10-12 00:00:00,0.0,25.4,11.4,19.2,-3.8,9.4,13.6,-5.5,15.5
569,0.0,-2.1,1.7,24.7,6.44,12.59,2019-10-12 12:00:00,0.0,25.4,11.4,19.2,-3.8,9.4,13.6,-5.5,15.5
570,0.0,29.7,18.7,24.7,1.93,1.63,2019-10-13 00:00:00,0.0,26.0,17.0,18.0,12.0,8.8,1.8,-6.7,18.7
571,0.0,29.7,18.7,24.7,1.93,1.63,2019-10-13 12:00:00,0.0,26.0,17.0,18.0,12.0,8.8,1.8,-6.7,18.7
572,373.85,22.7,12.1,26.1,-2.78,6.3,2019-10-14 00:00:00,0.0,26.2,19.2,18.6,4.6,10.4,2.4,-7.5,16.5
573,373.85,22.7,12.1,26.1,-2.78,6.3,2019-10-14 12:00:00,0.0,26.2,19.2,18.6,4.6,10.4,2.4,-7.5,16.5
574,0.0,5.7,0.1,26.1,8.83,12.41,2019-10-15 00:00:00,0.0,26.4,3.4,19.6,-6.4,10.6,-3.4,-6.5,26.5
575,0.0,5.7,0.1,26.1,8.83,12.41,2019-10-15 12:00:00,0.0,26.4,3.4,19.6,-6.4,10.6,-3.4,-6.5,26.5
576,0.0,16.7,14.9,22.9,6.44,5.23,2019-10-16 00:00:00,1.0,26.6,13.6,17.8,9.8,10.4,-5.6,-5.1,35.1
577,0.0,16.7,14.9,22.9,6.44,5.23,2019-10-16 12:00:00,0.0,26.6,13.6,17.8,9.8,10.4,-5.6,-5.1,35.1
578,18.25,30.9,17.7,23.7,-0.04,2.55,2019-10-17 00:00:00,0.0,26.8,19.8,18.2,12.2,9.2,4.2,-5.5,24.5
579,18.25,30.9,17.7,23.7,-0.04,2.55,2019-10-17 12:00:00,0.0,26.8,19.8,18.2,12.2,9.2,4.2,-5.5,24.5
580,0.0,25.5,14.5,23.5,2.63,5.02,2019-10-18 00:00:00,0.0,27.2,18.2,19.0,10.0,10.2,2.2,-4.5,38.5
581,0.0,25.5,14.5,23.5,2.63,5.02,2019-10-18 12:00:00,0.0,27.2,18.2,19.0,10.0,10.2,2.2,-4.5,38.5
582,0.0,2.9,3.9,24.9,4.58,11.36,2019-10-19 00:00:00,0.0,26.8,15.8,20.0,-1.0,10.8,10.2,-4.9,18.9
583,0.0,2.9,3.9,24.9,4.58,11.36,2019-10-19 12:00:00,0.0,26.8,15.8,20.0,-1.0,10.8,10.2,-4.9,18.9
584,0.0,4.3,11.9,23.9,2.46,7.15,2019-10-20 00:00:00,0.0,26.4,17.4,18.4,6.4,10.8,15.2,-5.5,22.5
585,0.0,4.3,11.9,23.9,2.46,7.15,2019-10-20 12:00:00,0.0,26.4,17.4,18.4,6.4,10.8,15.2,-5.5,22.5
586,0.0,8.9,5.7,25.7,2.58,10.01,2019-10-21 00:00:00,0.0,25.8,15.8,20.2,0.2,9.2,-7.8,-5.5,37.5
587,0.0,8.9,5.7,25.7,2.58,10.01,2019-10-21 12:00:00,0.0,25.8,15.8,20.2,0.2,9.2,-7.8,-5.5,37.5
588,0.0,-6.1,2.5,23.5,6.48,12.83,2019-10-22 00:00:00,0.0,26.6,17.6,19.4,-1.6,10.6,17.4,-4.1,31.1
589,0.0,-6.1,2.5,23.5,6.48,12.83,2019-10-22 12:00:00,0.0,26.6,17.6,19.4,-1.6,10.6,17.4,-4.1,31.1
590,0.0,-2.5,4.9,24.9,6.01,10.9,2019-10-23 00:00:00,0.0,26.6,15.6,19.6,-0.4,10.0,17.0,-5.3,28.3
591,0.0,-2.5,4.9,24.9,6.01,10.9,2019-10-23 12:00:00,0.0,26.6,15.6,19.6,-0.4,10.0,17.0,-5.3,28.3
592,0.0,13.1,3.1,23.1,5.62,12.77,2019-10-24 00:00:00,0.0,26.2,16.2,19.0,-1.0,11.0,2.0,-4.1,33.1
593,0.0,13.1,3.1,23.1,5.62,12.77,2019-10-24 12:00:00,0.0,26.2,16.2,19.0,-1.0,11.0,2.0,-4.1,33.1
594,0.0,15.4,16.8,21.5,4.99,3.82,2019-10-25 00:00:00,1.0,26.6,16.6,17.6,12.9,9.8,-9.2,-3.9,21.9
595,0.0,15.4,16.8,21.5,4.99,3.82,2019-10-25 12:00:00,0.0,26.6,16.6,17.6,12.9,9.8,-9.2,-3.9,21.9
596,0.0,25.3,16.9,22.9,2.98,3.26,2019-10-26 00:00:00,1.0,27.0,17.0,18.4,12.4,9.2,-0.8,-4.5,36.5
597,0.0,25.3,16.9,22.9,2.98,3.26,2019-10-26 12:00:00,0.0,27.0,17.0,18.4,12.4,9.2,-0.8,-4.5,36.5
598,0.0,20.9,11.5,24.5,0.59,7.26,2019-10-27 00:00:00,0.0,24.8,16.8,18.4,5.4,9.4,0.4,-6.1,20.1
599,0.0,20.9,11.5,24.5,0.59,7.26,2019-10-27 12:00:00,0.0,24.8,16.8,18.4,5.4,9.4,0.4,-6.1,20.1
600,47.6,10.9,15.1,23.1,-0.46,5.03,2019-10-28 00:00:00,0.0,25.0,19.0,17.8,9.8,10.0,12.0,-5.3,19.3
601,47.6,10.9,15.1,23.1,-0.46,5.03,2019-10-28 12:00:00,0.0,25.0,19.0,17.8,9.8,10.0,12.0,-5.3,19.3
602,1.03,10.9,16.1,25.1,0.23,3.5,2019-10-29 00:00:00,1.0,26.4,17.4,18.8,9.8,10.0,14.0,-6.3,18.3
603,1.03,10.9,16.1,25.1,0.23,3.5,2019-10-29 12:00:00,0.0,26.4,17.4,18.8,9.8,10.0,14.0,-6.3,18.3
604,0.0,16.7,15.7,24.7,1.56,3.82,2019-10-30 00:00:00,1.0,26.8,17.8,19.0,10.0,10.8,-7.2,-5.7,18.7
605,0.0,16.7,15.7,24.7,1.56,3.82,2019-10-30 12:00:00,0.0,26.8,17.8,19.0,10.0,10.8,-7.2,-5.7,18.7
606,72.05,22.5,19.7,25.7,-0.93,0.3,2019-10-31 00:00:00,1.0,27.6,18.6,18.8,12.8,10.6,-5.4,-6.9,10.5
607,72.05,22.5,19.7,25.7,-0.93,0.3,2019-10-31 12:00:00,0.0,27.6,18.6,18.8,12.8,10.6,-5.4,-6.9,10.5
608,52.06,33.6,19.7,23.9,-0.73,0.86,2019-11-01 00:00:00,1.0,26.6,19.6,17.8,13.6,9.0,5.1,-6.1,12.1
609,52.06,33.6,19.7,23.9,-0.73,0.86,2019-11-01 12:00:00,0.0,26.6,19.6,17.8,13.6,9.0,5.1,-6.1,12.1
610,23.52,24.4,19.0,22.3,0.71,1.79,2019-11-02 00:00:00,1.0,25.8,19.8,17.4,14.1,9.8,-2.2,-4.9,17.9
611,23.52,24.4,19.0,22.3,0.71,1.79,2019-11-02 12:00:00,0.0,25.8,19.8,17.4,14.1,9.8,-2.2,-4.9,17.9
612,0.0,13.1,11.3,23.3,3.82,7.63,2019-11-03 00:00:00,0.0,25.8,17.8,18.8,6.8,9.8,-7.2,-4.5,20.5
613,0.0,13.1,11.3,23.3,3.82,7.63,2019-11-03 12:00:00,0.0,25.8,17.8,18.8,6.8,9.8,-7.2,-4.5,20.5
614,0.0,22.5,15.5,24.5,1.17,4.02,2019-11-04 00:00:00,1.0,25.8,18.8,19.0,10.0,8.2,-3.8,-5.5,17.5
615,0.0,22.5,15.5,24.5,1.17,4.02,2019-11-04 12:00:00,0.0,25.8,18.8,19.0,10.0,8.2,-3.8,-5.5,17.5
616,2.66,12.7,15.1,25.1,-0.03,4.37,2019-11-05 00:00:00,1.0,25.6,19.6,18.6,8.6,8.6,12.4,-6.5,29.5
617,2.66,12.7,15.1,25.1,-0.03,4.37,2019-11-05 12:00:00,0.0,25.6,19.6,18.6,8.6,8.6,12.4,-6.5,29.5
618,0.0,19.3,9.5,25.5,1.62,7.93,2019-11-06 00:00:00,1.0,25.4,19.4,19.8,3.8,9.6,-0.4,-5.7,29.7
619,0.0,19.3,9.5,25.5,1.62,7.93,2019-11-06 12:00:00,0.0,25.4,19.4,19.8,3.8,9.6,-0.4,-5.7,29.7
620,93.74,22.1,15.3,23.3,0.54,4.46,2019-11-07 00:00:00,1.0,26.4,19.4,18.8,10.8,9.6,-2.4,-4.5,39.5
621,93.74,22.1,15.3,23.3,0.54,4.46,2019-11-07 12:00:00,0.0,26.4,19.4,18.8,10.8,9.6,-2.4,-4.5,39.5
622,36.28,17.1,17.1,23.1,0.38,3.23,2019-11-08 00:00:00,0.0,26.2,20.2,18.0,12.0,10.6,-7.4,-5.1,30.1
623,36.28,17.1,17.1,23.1,0.38,3.23,2019-11-08 12:00:00,0.0,26.2,20.2,18.0,12.0,10.6,-7.4,-5.1,30.1
624,3.63,31.5,18.1,26.1,-0.36,1.81,2019-11-09 00:00:00,1.0,27.0,19.0,18.4,10.4,8.8,3.8,-7.7,13.7
625,3.63,31.5,18.1,26.1,-0.36,1.81,2019-11-09 12:00:00,0.0,27.0,19.0,18.4,10.4,8.8,3.8,-7.7,13.7
626,742.94,33.1,20.1,26.1,-3.43,-0.18,2019-11-10 00:00:00,1.0,25.4,21.1,19.0,13.0,9.2,3.2,-7.1,13.1
627,742.94,33.1,20.1,26.1,-3.43,-0.18,2019-11-10 12:00:00,1.0,25.4,21.1,19.0,13.0,9.2,3.2,-7.1,13.1
628,,,,,,,2019-11-11 00:00:00,0.0,,,,,,,,
629,,,,,,,2019-11-11 12:00:00,1.0,,,,,,,,
630,121.84,32.7,19.4,23.3,-0.68,1.45,2019-11-12 00:00:00,0.0,26.0,21.9,17.2,13.3,8.4,4.5,-6.1,-7.5
631,121.84,32.7,19.4,23.3,-0.68,1.45,2019-11-12 12:00:00,0.0,26.0,21.9,17.2,13.3,8.4,4.5,-6.1,-7.5
632,169.21,14.5,11.7,25.7,-0.8,6.39,2019-11-13 00:00:00,0.0,26.4,20.4,19.8,5.8,8.8,-8.2,-5.9,13.9
633,169.21,14.5,11.7,25.7,-0.8,6.39,2019-11-13 12:00:00,0.0,26.4,20.4,19.8,5.8,8.8,-8.2,-5.9,13.9
634,419.51,14.9,12.3,24.3,-1.56,6.69,2019-11-14 00:00:00,0.0,26.2,20.2,18.6,6.6,10.0,-6.0,-5.7,17.7
635,419.51,14.9,12.3,24.3,-1.56,6.69,2019-11-14 12:00:00,0.0,26.2,20.2,18.6,6.6,10.0,-6.0,-5.7,17.7
636,5.21,18.3,8.1,22.1,4.04,10.14,2019-11-15 00:00:00,0.0,25.4,18.4,19.2,5.2,7.4,-1.6,-2.9,44.9
637,5.21,18.3,8.1,22.1,4.04,10.14,2019-11-15 12:00:00,0.0,25.4,18.4,19.2,5.2,7.4,-1.6,-2.9,44.9
638,0.0,17.7,14.3,22.3,3.7,5.61,2019-11-16 00:00:00,0.0,25.2,18.2,18.4,10.4,8.4,-6.6,-3.9,29.9
639,0.0,17.7,14.3,22.3,3.7,5.61,2019-11-16 12:00:00,0.0,25.2,18.2,18.4,10.4,8.4,-6.6,-3.9,29.9
640,14.45,23.3,15.5,23.5,1.09,4.26,2019-11-17 00:00:00,0.0,26.6,18.6,18.8,10.8,9.4,-1.6,-4.7,26.7
641,14.45,23.3,15.5,23.5,1.09,4.26,2019-11-17 12:00:00,0.0,26.6,18.6,18.8,10.8,9.4,-1.6,-4.7,26.7
642,98.19,22.1,12.7,23.7,0.48,6.29,2019-11-18 00:00:00,0.0,27.2,20.2,19.4,8.4,9.6,-0.4,-4.3,33.3
643,98.19,22.1,12.7,23.7,0.48,6.29,2019-11-18 12:00:00,0.0,27.2,20.2,19.4,8.4,9.6,-0.4,-4.3,33.3
644,117.82,18.1,11.1,24.1,-0.61,7.5,2019-11-19 00:00:00,0.0,26.4,19.4,19.0,6.0,9.6,-2.4,-5.1,31.1
645,117.82,18.1,11.1,24.1,-0.61,7.5,2019-11-19 12:00:00,0.0,26.4,19.4,19.0,6.0,9.6,-2.4,-5.1,31.1
646,0.0,14.3,10.9,22.9,2.71,8.15,2019-11-20 00:00:00,0.0,25.8,16.8,18.4,6.4,9.6,-5.4,-4.5,34.5
647,0.0,14.3,10.9,22.9,2.71,8.15,2019-11-20 12:00:00,0.0,25.8,16.8,18.4,6.4,9.6,-5.4,-4.5,34.5
648,0.0,19.5,15.3,22.3,4.01,4.83,2019-11-21 00:00:00,0.0,26.6,17.6,18.2,11.2,9.6,-4.4,-4.1,21.1
649,0.0,19.5,15.3,22.3,4.01,4.83,2019-11-21 12:00:00,0.0,26.6,17.6,18.2,11.2,9.6,-4.4,-4.1,21.1
650,0.0,12.9,15.7,22.7,2.84,4.43,2019-11-22 00:00:00,0.0,26.8,17.8,18.2,11.2,10.6,10.4,-4.5,25.5
651,0.0,12.9,15.7,22.7,2.84,4.43,2019-11-22 12:00:00,1.0,26.8,17.8,18.2,11.2,10.6,10.4,-4.5,25.5
652,0.0,15.5,15.3,23.3,3.21,4.68,2019-11-23 00:00:00,0.0,26.4,14.4,18.2,10.2,11.2,-6.8,-5.1,22.1
653,0.0,15.5,15.3,23.3,3.21,4.68,2019-11-23 12:00:00,0.0,26.4,14.4,18.2,10.2,11.2,-6.8,-5.1,22.1
654,472.64,19.1,17.7,24.7,-2.24,2.35,2019-11-24 00:00:00,0.0,27.0,20.0,18.4,11.4,9.4,-7.6,-6.3,30.3
655,472.64,19.1,17.7,24.7,-2.24,2.35,2019-11-24 12:00:00,0.0,27.0,20.0,18.4,11.4,9.4,-7.6,-6.3,30.3
656,78.84,21.4,18.6,22.9,0.13,1.96,2019-11-25 00:00:00,0.0,26.6,18.6,17.8,13.5,9.8,-5.2,-5.1,28.1
657,78.84,21.4,18.6,22.9,0.13,1.96,2019-11-25 12:00:00,0.0,26.6,18.6,17.8,13.5,9.8,-5.2,-5.1,28.1
658,319.2,22.5,14.7,23.7,-0.58,4.9,2019-11-26 00:00:00,1.0,25.6,19.6,18.8,9.8,10.0,-1.0,-4.9,17.9
659,319.2,22.5,14.7,23.7,-0.58,4.9,2019-11-26 12:00:00,0.0,25.6,19.6,18.8,9.8,10.0,-1.0,-4.9,17.9
660,70.23,35.4,20.5,23.1,-0.36,0.22,2019-11-27 00:00:00,0.0,26.0,20.0,17.6,15.0,8.4,5.7,-5.5,15.5
661,70.23,35.4,20.5,23.1,-0.36,0.22,2019-11-27 12:00:00,0.0,26.0,20.0,17.6,15.0,8.4,5.7,-5.5,15.5
662,18.72,29.6,14.7,24.7,0.35,4.44,2019-11-28 00:00:00,1.0,27.0,19.0,19.6,9.6,9.0,4.3,-5.1,16.1
663,18.72,29.6,14.7,24.7,0.35,4.44,2019-11-28 12:00:00,0.0,27.0,19.0,19.6,9.6,9.0,4.3,-5.1,16.1
664,0.0,25.1,16.1,24.1,2.72,3.58,2019-11-29 00:00:00,0.0,26.2,18.2,19.0,11.0,11.0,1.0,-5.1,19.1
665,0.0,25.1,16.1,24.1,2.72,3.58,2019-11-29 12:00:00,0.0,26.2,18.2,19.0,11.0,11.0,1.0,-5.1,19.1
666,0.0,14.1,11.9,22.9,4.69,6.84,2019-11-30 00:00:00,0.0,27.6,17.6,20.2,9.2,10.6,-7.4,-2.7,27.7
667,0.0,14.1,11.9,22.9,4.69,6.84,2019-11-30 12:00:00,0.0,27.6,17.6,20.2,9.2,10.6,-7.4,-2.7,27.7
668,148.54,14.5,13.7,25.7,-1.59,4.64,2019-12-01 00:00:00,0.0,27.0,20.0,20.8,8.8,11.4,-8.6,-4.9,33.9
669,148.54,14.5,13.7,25.7,-1.59,4.64,2019-12-01 12:00:00,0.0,27.0,20.0,20.8,8.8,11.4,-8.6,-4.9,33.9
670,919.28,26.9,17.7,24.7,-2.83,1.66,2019-12-02 00:00:00,1.0,27.6,21.6,20.2,13.2,10.8,-0.2,-4.5,21.5
671,919.28,26.9,17.7,24.7,-2.83,1.66,2019-12-02 12:00:00,0.0,27.6,21.6,20.2,13.2,10.8,-0.2,-4.5,21.5
672,228.63,25.2,21.2,23.5,-1.0,-1.11,2019-12-03 00:00:00,1.0,27.4,23.0,19.0,16.7,11.0,-4.0,-4.5,26.5
673,228.63,25.2,21.2,23.5,-1.0,-1.11,2019-12-03 12:00:00,0.0,27.4,23.0,19.0,16.7,11.0,-4.0,-4.5,26.5
674,813.85,35.7,21.1,23.3,-2.49,-0.74,2019-12-04 00:00:00,1.0,27.6,22.6,18.4,16.2,9.0,5.2,-4.9,16.9
675,813.85,35.7,21.1,23.3,-2.49,-0.74,2019-12-04 12:00:00,0.0,27.6,22.6,18.4,16.2,9.0,5.2,-4.9,16.9
676,138.27,35.6,20.2,22.5,-0.12,0.16,2019-12-05 00:00:00,1.0,27.0,21.0,18.4,16.1,9.4,6.4,-4.1,16.1
677,,,,,,,2019-12-05 12:00:00,0.0,,,,,,,,
678,372.05,33.9,19.1,24.1,-0.92,0.57,2019-12-06 00:00:00,1.0,27.8,20.8,19.8,14.8,9.2,4.2,-4.3,24.3
679,372.05,33.9,19.1,24.1,-0.92,0.57,2019-12-06 12:00:00,0.0,27.8,20.8,19.8,14.8,9.2,4.2,-4.3,24.3
680,1629.43,28.0,21.0,25.5,-5.23,-0.97,2019-12-07 00:00:00,1.0,27.6,23.6,19.0,14.5,10.8,-1.2,-6.5,12.5
681,1629.43,28.0,21.0,25.5,-5.23,-0.97,2019-12-07 12:00:00,0.0,27.6,23.6,19.0,14.5,10.8,-1.2,-6.5,12.5
682,227.92,24.9,17.1,24.1,-1.4,2.79,2019-12-08 00:00:00,1.0,26.4,20.4,18.8,11.8,9.6,-1.4,-5.3,16.3
683,227.92,24.9,17.1,24.1,-1.4,2.79,2019-12-08 12:00:00,0.0,26.4,20.4,18.8,11.8,9.6,-1.4,-5.3,16.3
684,806.36,25.9,17.5,24.5,-2.16,2.16,2019-12-09 00:00:00,1.0,27.0,22.0,19.4,12.4,9.6,-1.4,-5.1,20.1
685,806.36,25.9,17.5,24.5,-2.16,2.16,2019-12-09 12:00:00,0.0,27.0,22.0,19.4,12.4,9.6,-1.4,-5.1,20.1
686,641.71,30.8,19.6,24.1,-2.6,0.77,2019-12-10 00:00:00,1.0,26.6,22.2,18.2,13.7,8.6,1.6,-5.9,20.9
687,641.71,30.8,19.6,24.1,-2.6,0.77,2019-12-10 12:00:00,0.0,26.6,22.2,18.2,13.7,8.6,1.6,-5.9,20.9
688,96.63,28.7,18.7,24.7,-0.84,1.22,2019-12-11 00:00:00,1.0,26.4,20.4,19.0,13.0,9.4,0.4,-5.7,10.1
689,96.63,28.7,18.7,24.7,-0.84,1.22,2019-12-11 12:00:00,1.0,26.4,20.4,19.0,13.0,9.4,0.4,-5.7,10.1
690,172.82,25.1,15.7,24.7,-1.13,3.68,2019-12-12 00:00:00,1.0,26.6,20.6,19.4,10.4,10.2,0.2,-5.3,-9.4
691,172.82,25.1,15.7,24.7,-1.13,3.68,2019-12-12 12:00:00,1.0,26.6,20.6,19.4,10.4,10.2,0.2,-5.3,-9.4
692,430.6,23.7,18.3,24.3,-2.35,1.86,2019-12-13 00:00:00,1.0,25.4,21.8,18.4,12.4,10.8,-2.2,-5.9,15.9
693,430.6,23.7,18.3,24.3,-2.35,1.86,2019-12-13 12:00:00,1.0,25.4,21.8,18.4,12.4,10.8,-2.2,-5.9,15.9
694,256.77,36.6,22.3,22.7,-1.27,-1.49,2019-12-14 00:00:00,1.0,25.2,21.4,17.4,17.0,9.6,6.5,-5.3,12.3
695,256.77,36.6,22.3,22.7,-1.27,-1.49,2019-12-14 12:00:00,1.0,25.2,21.4,17.4,17.0,9.6,6.5,-5.3,12.3
696,,,,,,,2019-12-15 00:00:00,1.0,,,,,,,,
697,152.56,32.3,18.7,23.7,-0.82,1.47,2019-12-15 12:00:00,0.0,26.6,20.6,18.6,13.6,9.8,4.8,-5.1,-9.5
698,486.56,32.9,17.9,23.9,-1.81,2.1,2019-12-16 00:00:00,1.0,26.4,21.5,18.8,12.8,9.4,5.6,-5.1,12.1
699,486.56,32.9,17.9,23.9,-1.81,2.1,2019-12-16 12:00:00,1.0,26.4,21.5,18.8,12.8,9.4,5.6,-5.1,12.1
700,949.33,32.9,20.1,24.1,-2.87,0.04,2019-12-17 00:00:00,1.0,26.0,23.1,18.8,14.8,10.2,4.2,-5.3,15.3
701,949.33,32.9,20.1,24.1,-2.87,0.04,2019-12-17 12:00:00,0.0,26.0,23.1,18.8,14.8,10.2,4.2,-5.3,15.3
702,215.51,26.9,18.3,22.7,-0.37,1.91,2019-12-18 00:00:00,0.0,26.4,21.7,18.6,14.2,10.6,0.6,-4.1,17.1
703,215.51,26.9,18.3,22.7,-0.37,1.91,2019-12-18 12:00:00,0.0,26.4,21.7,18.6,14.2,10.6,0.6,-4.1,17.1
704,615.89,24.3,19.1,22.3,-1.3,1.33,2019-12-19 00:00:00,1.0,27.0,22.1,18.2,15.0,9.4,-3.6,-4.1,31.1
705,615.89,24.3,19.1,22.3,-1.3,1.33,2019-12-19 12:00:00,0.0,27.0,22.1,18.2,15.0,9.4,-3.6,-4.1,31.1
706,640.72,28.5,19.1,23.1,-1.89,1.21,2019-12-20 00:00:00,1.0,26.0,22.1,18.4,14.4,10.4,1.4,-4.7,17.7
707,640.72,28.5,19.1,23.1,-1.89,1.21,2019-12-20 12:00:00,1.0,26.0,22.1,18.4,14.4,10.4,1.4,-4.7,17.7
708,431.11,24.3,17.7,22.7,-0.82,2.47,2019-12-21 00:00:00,1.0,26.0,21.6,18.6,13.6,10.8,-1.2,-4.1,20.1
709,431.11,24.3,17.7,22.7,-0.82,2.47,2019-12-21 12:00:00,1.0,26.0,21.6,18.6,13.6,10.8,-1.2,-4.1,20.1
710,873.41,34.3,19.2,23.3,-2.22,0.94,2019-12-22 00:00:00,0.0,26.0,23.0,18.8,14.7,9.8,6.1,-4.5,-9.5
711,873.41,34.3,19.2,23.3,-2.22,0.94,2019-12-22 12:00:00,1.0,26.0,23.0,18.8,14.7,9.8,6.1,-4.5,-9.5
712,154.67,25.5,19.9,23.9,-1.1,0.33,2019-12-23 00:00:00,0.0,25.4,22.9,18.6,14.6,10.8,-2.2,-5.3,-8.2
713,154.67,25.5,19.9,23.9,-1.1,0.33,2019-12-23 12:00:00,0.0,25.4,22.9,18.6,14.6,10.8,-2.2,-5.3,-8.2
714,118.4,29.7,17.5,23.5,-0.47,2.34,2019-12-24 00:00:00,1.0,26.4,21.4,19.2,13.2,11.4,4.4,-4.3,17.3
715,118.4,29.7,17.5,23.5,-0.47,2.34,2019-12-24 12:00:00,1.0,26.4,21.4,19.2,13.2,11.4,4.4,-4.3,17.3
716,130.72,29.3,16.3,23.3,-0.02,3.52,2019-12-25 00:00:00,1.0,26.6,20.6,19.0,12.0,10.8,4.8,-4.3,16.3
717,130.72,29.3,16.3,23.3,-0.02,3.52,2019-12-25 12:00:00,0.0,26.6,20.6,19.0,12.0,10.8,4.8,-4.3,16.3
718,0.0,29.9,17.9,22.9,1.42,2.52,2019-12-26 00:00:00,1.0,26.4,19.4,18.0,13.0,9.0,3.0,-4.9,19.9
719,0.0,29.9,17.9,22.9,1.42,2.52,2019-12-26 12:00:00,1.0,26.4,19.4,18.0,13.0,9.0,3.0,-4.9,19.9
720,,,,,,,2019-12-27 00:00:00,1.0,,,,,,,,
721,336.26,33.8,20.4,25.3,-1.89,-0.56,2019-12-27 12:00:00,1.0,26.8,20.8,19.4,14.5,11.0,5.0,-5.9,-8.7
722,,,,,,,2019-12-28 00:00:00,0.0,,,,,,,,
723,283.34,29.3,18.1,25.1,-2.03,1.64,2019-12-28 12:00:00,1.0,26.6,21.6,19.2,12.2,10.2,2.2,-5.9,10.0
724,236.4,34.5,21.5,23.3,-2.26,-0.49,2019-12-29 00:00:00,0.0,25.0,22.2,17.0,15.2,9.6,5.6,-6.3,-8.3
725,236.4,34.5,21.5,23.3,-2.26,-0.49,2019-12-29 12:00:00,0.0,25.0,22.2,17.0,15.2,9.6,5.6,-6.3,-8.3
726,706.46,30.5,19.1,23.3,-2.39,1.2,2019-12-30 00:00:00,0.0,25.4,22.1,18.4,14.2,11.6,4.6,-4.9,-8.4
727,706.46,30.5,19.1,23.3,-2.39,1.2,2019-12-30 12:00:00,1.0,25.4,22.1,18.4,14.2,11.6,4.6,-4.9,-8.4
728,119.45,32.4,18.8,23.7,-0.87,1.38,2019-12-31 00:00:00,0.0,26.2,21.2,18.6,13.7,11.2,6.2,-5.1,10.0
729,119.45,32.4,18.8,23.7,-0.87,1.38,2019-12-31 12:00:00,1.0,26.2,21.2,18.6,13.7,11.2,6.2,-5.1,10.0
